sample_id,label,prediction,strategy
NoFire_00001,0,1,majority
NoFire_00002,0,1,majority
NoFire_00003,0,1,majority
NoFire_00004,0,1,majority
NoFire_00005,0,1,majority
NoFire_00006,0,1,majority
NoFire_00007,0,1,majority
NoFire_00008,0,1,majority
NoFire_00009,0,1,majority
NoFire_00010,0,1,majority
NoFire_00011,0,1,majority
NoFire_00012,0,1,majority
NoFire_00013,0,1,majority
NoFire_00014,0,1,majority
NoFire_00015,0,1,majority
NoFire_00016,0,1,majority
NoFire_00017,0,1,majority
NoFire_00018,0,1,majority
NoFire_00019,0,1,majority
NoFire_00020,0,1,majority
Fire_00141,1,1,majority
Fire_00142,1,1,majority
Fire_00143,1,1,majority
Fire_00144,1,1,majority
Fire_00145,1,1,majority
Fire_00146,1,1,majority
Fire_00147,1,1,majority
Fire_00148,1,1,majority
Fire_00149,1,1,majority
Fire_00150,1,1,majority
Fire_00151,1,1,majority
Fire_00152,1,1,majority
Fire_00153,1,1,majority
Fire_00154,1,1,majority
Fire_00155,1,1,majority
Fire_00156,1,1,majority
Fire_00157,1,1,majority
Fire_00158,1,1,majority
Fire_00159,1,1,majority
Fire_00160,1,1,majority
Fire_00321,1,1,majority
Fire_00322,1,1,majority
Fire_00323,1,1,majority
Fire_00324,1,1,majority
Fire_00325,1,1,majority
Fire_00326,1,1,majority
Fire_00327,1,1,majority
Fire_00328,1,1,majority
Fire_00329,1,1,majority
Fire_00330,1,1,majority
Fire_00331,1,1,majority
Fire_00332,1,1,majority
Fire_00333,1,1,majority
Fire_00334,1,1,majority
Fire_00335,1,1,majority
Fire_00336,1,1,majority
Fire_00337,1,1,majority
Fire_00338,1,1,majority
Fire_00339,1,1,majority
Fire_00340,1,1,majority
Fire_00441,1,1,majority
Fire_00442,1,1,majority
Fire_00443,1,1,majority
Fire_00444,1,1,majority
Fire_00445,1,1,majority
Fire_00446,1,1,majority
Fire_00447,1,1,majority
Fire_00448,1,1,majority
Fire_00449,1,1,majority
Fire_00450,1,1,majority
Fire_00451,1,1,majority
Fire_00452,1,1,majority
Fire_00453,1,1,majority
Fire_00454,1,1,majority
Fire_00455,1,1,majority
Fire_00456,1,1,majority
Fire_00457,1,1,majority
Fire_00458,1,1,majority
Fire_00459,1,1,majority
Fire_00460,1,1,majority
Fire_00481,1,1,majority
Fire_00482,1,1,majority
Fire_00483,1,1,majority
Fire_00484,1,1,majority
Fire_00485,1,1,majority
Fire_00486,1,1,majority
Fire_00487,1,1,majority
Fire_00488,1,1,majority
Fire_00489,1,1,majority
Fire_00490,1,1,majority
Fire_00491,1,1,majority
Fire_00492,1,1,majority
Fire_00493,1,1,majority
Fire_00494,1,1,majority
Fire_00495,1,1,majority
Fire_00496,1,1,majority
Fire_00497,1,1,majority
Fire_00498,1,1,majority
Fire_00499,1,1,majority
Fire_00500,1,1,majority
Fire_00601,1,1,majority
Fire_00602,1,1,majority
Fire_00603,1,1,majority
Fire_00604,1,1,majority
Fire_00605,1,1,majority
Fire_00606,1,1,majority
Fire_00607,1,1,majority
Fire_00608,1,1,majority
Fire_00609,1,1,majority
Fire_00610,1,1,majority
Fire_00611,1,1,majority
Fire_00612,1,1,majority
Fire_00613,1,1,majority
Fire_00614,1,1,majority
Fire_00615,1,1,majority
Fire_00616,1,1,majority
Fire_00617,1,1,majority
Fire_00618,1,1,majority
Fire_00619,1,1,majority
Fire_00620,1,1,majority
