key,recall,precision,specificity,fp,fn,roc_auc,pr_auc,mixed,small,t_recall,t_spec,t_prec,t_mixed
P1_dinov2b_probe_rgb_16shot_PURGED,0.9678456591639871,1.0,1.0,0,20,0.9990159662933806,0.9998242101176215,0.9146341463414634,0.8909090909090909,0.9598070739549839,1.0,1.0,0.8780487804878049
P1_dinov2b_probe_rgb_16shot_PURGED_seed1,0.9710610932475884,1.0,1.0,0,18,0.9980873711054441,0.9996663267300632,0.8902439024390244,0.8545454545454545,0.9742765273311897,1.0,1.0,0.8902439024390244
P1_dinov2b_probe_rgb_16shot_PURGED_seed2,0.9646302250803859,1.0,1.0,0,22,0.9986140370329305,0.9997558457573479,0.7926829268292683,0.7272727272727273,0.9678456591639871,1.0,1.0,0.8170731707317073
P2_dinov2b_probe_thermal_16shot_PURGED,0.9855305466237942,0.998371335504886,0.9913793103448276,1,9,0.9982536866614924,0.999683826292931,0.8902439024390244,0.8363636363636363,0.9855305466237942,0.8793103448275862,0.9776714513556619,0.8902439024390244
P2_dinov2b_probe_thermal_16shot_PURGED_seed1,0.9694533762057878,1.0,1.0,0,19,0.9975745648076284,0.9995600831352358,0.8048780487804879,0.7636363636363637,0.9790996784565916,0.9051724137931034,0.9822580645161291,0.8536585365853658
P2_dinov2b_probe_thermal_16shot_PURGED_seed2,0.9581993569131833,1.0,1.0,0,26,0.9996119303692205,0.9999282181424681,0.7073170731707317,0.7272727272727273,0.9710610932475884,0.9827586206896551,0.9966996699669967,0.7804878048780488
P4_clipL14_probe_rgb_16shot_PURGED,0.9614147909967846,1.0,1.0,0,24,0.99641035591529,0.9993649365186104,0.9634146341463414,0.9454545454545454,0.9565916398713826,1.0,1.0,0.9390243902439024
P4_clipL14_probe_rgb_16shot_PURGED_seed1,0.9662379421221865,1.0,1.0,0,21,0.9999029825923051,0.9999819232501805,0.9634146341463414,0.9454545454545454,0.9614147909967846,1.0,1.0,0.9512195121951219
P4_clipL14_probe_rgb_16shot_PURGED_seed2,0.9710610932475884,1.0,1.0,0,18,0.9998891229626344,0.999979449881083,0.9634146341463414,0.9454545454545454,0.954983922829582,1.0,1.0,0.926829268292683
P5_siglip2_probe_rgb_16shot_PURGED,0.9694533762057878,1.0,1.0,0,19,0.9998475440736223,0.9999716741186242,0.9634146341463414,0.9454545454545454,0.9662379421221865,1.0,1.0,0.9634146341463414
P5_siglip2_probe_rgb_16shot_PURGED_seed1,0.9742765273311897,1.0,1.0,0,16,0.9997089477769154,0.9999474929115431,0.9634146341463414,0.9454545454545454,0.9710610932475884,1.0,1.0,0.9512195121951219
P5_siglip2_probe_rgb_16shot_PURGED_seed2,0.9919614147909968,1.0,1.0,0,5,0.9996535092582327,0.9999378780122952,0.9634146341463414,0.9454545454545454,0.9887459807073955,1.0,1.0,0.9390243902439024
L1_dinov2b_lora_rgb_16shot_PURGED,0.9823151125401929,1.0,1.0,0,11,0.9956342166537311,0.9992634612582598,0.926829268292683,0.9090909090909091,0.9710610932475884,1.0,1.0,0.9146341463414634
L1_dinov2b_lora_rgb_16shot_PURGED_seed1,0.9871382636655949,1.0,1.0,0,8,0.9942066747976495,0.9990393901781213,0.926829268292683,0.9090909090909091,0.9807073954983923,1.0,1.0,0.9146341463414634
L1_dinov2b_lora_rgb_16shot_PURGED_seed2,0.9742765273311897,1.0,1.0,0,16,0.9982259674021511,0.9997055236443388,0.8536585365853658,0.8,0.9646302250803859,1.0,1.0,0.8170731707317073
L2_firevit_lora_rgb_16shot_PURGED,0.8617363344051447,0.9944341372912802,0.9741379310344828,3,86,0.9342776361015634,0.9885292202879885,0.2926829268292683,0.41818181818181815,0.9131832797427653,0.39655172413793105,0.890282131661442,0.45121951219512196
L2_firevit_lora_rgb_16shot_PURGED_seed1,0.8569131832797428,1.0,1.0,0,89,0.9780463466016189,0.9960641919376222,0.36585365853658536,0.41818181818181815,0.9212218649517685,0.5,0.9080824088748018,0.4268292682926829
L2_firevit_lora_rgb_16shot_PURGED_seed2,0.8536977491961415,0.9962476547842402,0.9827586206896551,2,91,0.9368555272203127,0.9891109734423946,0.25609756097560976,0.41818181818181815,0.9147909967845659,0.5344827586206896,0.913322632423756,0.36585365853658536
