key,run,model,tier,input,recall,precision,specificity,fp,fn,roc_auc,pr_auc,mixed,small,t_recall,t_spec,t_prec,t_mixed
B0_constant_fire,B0_constant_fire,Always say fire,no-learning baseline,-,1.0,0.8428184281842819,0.0,116,0,0.5,0.8428184281842819,1.0,1.0,1.0,0.0,0.8428184281842819,1.0
B1_maxtemp_rule,B1_maxtemp_rule,Max temp above 150 C,no-learning baseline,thermal TIFF,0.9983922829581994,1.0,1.0,0,1,1.0,1.0,0.9878048780487805,0.9818181818181818,0.9983922829581994,1.0,1.0,0.9878048780487805
B2_thermaljpg_darkness,B2_thermaljpg_darkness,Thermal JPG darkness (artifact),no-learning baseline,thermal JPG,0.5932475884244373,1.0,1.0,0,253,0.9999722807406586,0.9999948470607635,0.1951219512195122,0.16363636363636364,0.932475884244373,1.0,1.0,0.4878048780487805
Z1_clipL14_zeroshot_rgb,Z1_clipL14_zeroshot_rgb,CLIP ViT-L/14 zero-shot,"off the shelf, no FLAME training",RGB,0.9871382636655949,1.0,1.0,0,8,0.9997505266659275,0.9999545198669145,0.926829268292683,0.9090909090909091,0.9871382636655949,1.0,1.0,0.926829268292683
Z1_clipL14_zeroshot_thermal,Z1_clipL14_zeroshot_thermal,CLIP ViT-L/14 zero-shot,"off the shelf, no FLAME training",thermal JPG,0.6189710610932476,1.0,1.0,0,237,0.9565223417230291,0.9917208334438222,0.21951219512195122,0.43636363636363634,0.977491961414791,0.5431034482758621,0.9198184568835098,0.8780487804878049
Z2_siglip2_zeroshot_rgb,Z2_siglip2_zeroshot_rgb,SigLIP 2 zero-shot,"off the shelf, no FLAME training",RGB,0.9180064308681672,1.0,1.0,0,51,0.9992931588867945,0.999874061703444,0.5853658536585366,0.5636363636363636,0.9758842443729904,0.9913793103448276,0.9983552631578947,0.9024390243902439
Z2_siglip2_zeroshot_thermal,Z2_siglip2_zeroshot_thermal,SigLIP 2 zero-shot,"off the shelf, no FLAME training",thermal JPG,0.08360128617363344,1.0,1.0,0,570,0.9647549617474221,0.9921107322309226,0.0,0.0,0.9726688102893891,0.7844827586206896,0.9603174603174603,0.8170731707317073
Z3_firevit_edbianchi_rgb,Z3_firevit_edbianchi_rgb,Fire ViT classifier (HF),"off the shelf, no FLAME training",RGB,0.680064308681672,1.0,1.0,0,199,0.9308127286838896,0.9882055916369284,0.17073170731707318,0.38181818181818183,0.9292604501607717,0.25,0.869172932330827,0.4634146341463415
Z4_forestfire_siglip2_rgb,Z4_forestfire_siglip2_rgb,Forest-fire SigLIP 2 classifier (HF),"off the shelf, no FLAME training",RGB,0.8585209003215434,1.0,1.0,0,88,0.9939294822042355,0.9989396882582996,0.2926829268292683,0.4,0.9742765273311897,0.9137931034482759,0.9837662337662337,0.8292682926829268
V1_molmo2_4b,V1_molmo2_4b,"Molmo 2 4B, yes/no","off the shelf, no FLAME training",RGB,0.4003215434083601,1.0,1.0,0,373,0.9927929925712384,0.9987135958090381,0.5487804878048781,0.38181818181818183,0.9662379421221865,0.8879310344827587,0.9788273615635179,1.0
V2_molmo2_8b,V2_molmo2_8b,"Molmo 2 8B, yes/no","off the shelf, no FLAME training",RGB,0.6077170418006431,1.0,1.0,0,244,0.9998336844439516,0.9999690567143024,0.8902439024390244,0.4909090909090909,0.9823151125401929,1.0,1.0,0.9878048780487805
V3_qwen35_0p8b,V3_qwen35_0p8b,"Qwen3.5 0.8B, yes/no","off the shelf, no FLAME training",RGB,0.909967845659164,0.9929824561403509,0.9655172413793104,4,56,0.9767435414125735,0.9958934642779578,0.9878048780487805,0.9636363636363636,0.9678456591639871,0.6293103448275862,0.9333333333333333,0.9878048780487805
V4_qwen35_2b,V4_qwen35_2b,"Qwen3.5 2B, yes/no","off the shelf, no FLAME training",RGB,0.954983922829582,1.0,1.0,0,28,0.9937770262778579,0.9989622324375647,0.9878048780487805,0.9818181818181818,0.9710610932475884,0.9913793103448276,0.9983471074380166,0.9878048780487805
V5_qwen35_4b,V5_qwen35_4b,"Qwen3.5 4B, yes/no","off the shelf, no FLAME training",RGB,0.9517684887459807,1.0,1.0,0,30,0.9998059651846103,0.9999638251282913,0.9390243902439024,0.9272727272727272,0.9630225080385852,1.0,1.0,0.9634146341463414
V6_qwen35_9b,V6_qwen35_9b,"Qwen3.5 9B, yes/no","off the shelf, no FLAME training",RGB,0.9614147909967846,1.0,1.0,0,24,0.9972142144361903,0.9995131223009159,0.9878048780487805,0.9818181818181818,0.9678456591639871,1.0,1.0,0.9878048780487805
V7_qwen3vl_8b,V7_qwen3vl_8b,"Qwen3-VL 8B, yes/no","off the shelf, no FLAME training",RGB,0.9726688102893891,1.0,1.0,0,17,0.9999445614813173,0.9999896858503564,0.9634146341463414,0.9454545454545454,0.9726688102893891,1.0,1.0,0.975609756097561
V8_gemma4_e4b,V8_gemma4_e4b,"Gemma 4 E4B, yes/no","off the shelf, no FLAME training",RGB,0.8392282958199357,1.0,1.0,0,100,0.9783928373433862,0.9962736704660041,0.9878048780487805,0.9636363636363636,0.9662379421221865,0.6724137931034483,0.9405320813771518,0.9878048780487805
P1_dinov2b_probe_rgb,P1_dinov2b_probe_rgb_PURGED,DINOv2-B linear probe,trained on FLAME 3,RGB,0.9807073954983923,0.9967320261437909,0.9827586206896551,2,12,0.9985308792549064,0.9997334863711449,0.926829268292683,0.9090909090909091,0.9790996784565916,0.9568965517241379,0.99185667752443,0.926829268292683
P2_dinov2b_probe_thermal,P2_dinov2b_probe_thermal_PURGED,DINOv2-B linear probe,trained on FLAME 3,thermal TIFF,0.9919614147909968,1.0,1.0,0,5,0.999958421110988,0.9999922457243786,0.9634146341463414,0.9454545454545454,0.9871382636655949,1.0,1.0,0.926829268292683
P3_dinov2b_probe_fused,P3_dinov2b_probe_fused_PURGED,DINOv2-B linear probe,trained on FLAME 3,RGB + thermal,0.9951768488745981,1.0,1.0,0,3,1.0,1.0,0.9634146341463414,0.9636363636363636,0.9919614147909968,1.0,1.0,0.9390243902439024
P4_clipL14_probe_rgb,P4_clipL14_probe_rgb_PURGED,CLIP ViT-L/14 linear probe,trained on FLAME 3,RGB,0.9871382636655949,0.9967532467532467,0.9827586206896551,2,8,0.999043685552722,0.9998241308097161,0.9634146341463414,0.9454545454545454,0.9790996784565916,0.9655172413793104,0.9934747145187602,0.9634146341463414
P5_siglip2_probe_rgb,P5_siglip2_probe_rgb_PURGED,SigLIP 2 linear probe,trained on FLAME 3,RGB,0.9871382636655949,1.0,1.0,0,8,0.999861403703293,0.9999744842579957,0.9878048780487805,0.9818181818181818,0.9807073954983923,1.0,1.0,0.9878048780487805
L1_dinov2b_lora_rgb,L1_dinov2b_lora_rgb_PURGED,DINOv2-B + LoRA,trained on FLAME 3,RGB,0.9903536977491961,1.0,1.0,0,6,0.9966875485087039,0.9994475296713026,0.926829268292683,0.9090909090909091,0.9839228295819936,1.0,1.0,0.926829268292683
L1_dinov2b_lora_thermal,L1_dinov2b_lora_thermal_PURGED,DINOv2-B + LoRA,trained on FLAME 3,thermal TIFF,1.0,1.0,1.0,0,0,1.0,1.0,1.0,1.0,1.0,1.0,1.0,1.0
L2_firevit_lora_rgb,L2_firevit_lora_rgb_PURGED,Fire ViT + LoRA,trained on FLAME 3,RGB,0.9180064308681672,0.9827882960413081,0.9137931034482759,10,51,0.9642837343386185,0.9937748054809671,0.5487804878048781,0.509090909090909,0.9389067524115756,0.6810344827586207,0.9404186795491143,0.5365853658536586
F1_resnet50_fullft_rgb,F1_resnet50_fullft_rgb_PURGED,ResNet-50 full fine-tune,trained on FLAME 3,RGB,0.9678456591639871,1.0,1.0,0,20,0.9994871937021843,0.9999062186134763,0.7682926829268293,0.7272727272727273,0.9823151125401929,0.9913793103448276,0.9983660130718954,0.8658536585365854
