uid,y,score,fold,thr_default,thr_tuned
Fire_394,1,0.9954727292060852,0,0.5,0.7109314216068015
Fire_332,1,0.9902182221412659,0,0.5,0.7109314216068015
Fire_151,1,0.9957081079483032,0,0.5,0.7109314216068015
Fire_191,1,0.9952443242073059,0,0.5,0.7109314216068015
Fire_278,1,0.9955742359161377,0,0.5,0.7109314216068015
Fire_322,1,0.9958457350730896,0,0.5,0.7109314216068015
Fire_533,1,0.9963615536689758,0,0.5,0.7109314216068015
Fire_458,1,0.9966668486595154,0,0.5,0.7109314216068015
Fire_194,1,0.9967865943908691,0,0.5,0.7109314216068015
Fire_187,1,0.9973748922348022,0,0.5,0.7109314216068015
Fire_105,1,0.9975910186767578,0,0.5,0.7109314216068015
Fire_269,1,0.9952126741409302,0,0.5,0.7109314216068015
Fire_77,1,0.997954249382019,0,0.5,0.7109314216068015
Fire_374,1,0.9973511695861816,0,0.5,0.7109314216068015
Fire_600,1,0.9967741370201111,0,0.5,0.7109314216068015
Fire_181,1,0.9984773993492126,0,0.5,0.7109314216068015
Fire_499,1,0.9976451992988586,2,0.5,0.7460943253245205
NoFire_40,0,0.0007067900733090937,2,0.5,0.7460943253245205
NoFire_116,0,0.0006509796367026865,2,0.5,0.7460943253245205
NoFire_89,0,0.0027300966903567314,2,0.5,0.7460943253245205
NoFire_45,0,0.001496730139479041,2,0.5,0.7460943253245205
NoFire_84,0,0.0012847736943513155,2,0.5,0.7460943253245205
NoFire_28,0,0.002196835819631815,2,0.5,0.7460943253245205
NoFire_43,0,0.003134536324068904,2,0.5,0.7460943253245205
NoFire_90,0,0.0017392807640135288,2,0.5,0.7460943253245205
NoFire_34,0,0.002019301988184452,2,0.5,0.7460943253245205
NoFire_69,0,0.0016451579285785556,2,0.5,0.7460943253245205
NoFire_22,0,0.0015225367387756705,2,0.5,0.7460943253245205
NoFire_103,0,0.0019539152272045612,2,0.5,0.7460943253245205
NoFire_81,0,0.0068810624070465565,2,0.5,0.7460943253245205
NoFire_26,0,0.0018358381930738688,2,0.5,0.7460943253245205
NoFire_46,0,0.0020823702216148376,2,0.5,0.7460943253245205
NoFire_32,0,0.0015841209096834064,2,0.5,0.7460943253245205
NoFire_75,0,0.0024520643055438995,2,0.5,0.7460943253245205
NoFire_60,0,0.0024354776833206415,2,0.5,0.7460943253245205
Fire_447,1,0.7193442583084106,2,0.5,0.7460943253245205
Fire_89,1,0.12233881652355194,3,0.5,0.727798935957253
NoFire_85,0,0.000677218718919903,3,0.5,0.727798935957253
Fire_28,1,0.972539484500885,3,0.5,0.727798935957253
Fire_91,1,0.983242392539978,3,0.5,0.727798935957253
Fire_459,1,0.9915120005607605,3,0.5,0.727798935957253
Fire_495,1,0.3665519654750824,3,0.5,0.727798935957253
Fire_146,1,0.5389547348022461,3,0.5,0.727798935957253
Fire_571,1,0.20502276718616486,3,0.5,0.727798935957253
Fire_124,1,0.6378432512283325,3,0.5,0.727798935957253
Fire_468,1,0.9819062948226929,3,0.5,0.727798935957253
Fire_302,1,0.9793757796287537,3,0.5,0.727798935957253
Fire_498,1,0.9801371693611145,3,0.5,0.727798935957253
Fire_6,1,0.9839823842048645,3,0.5,0.727798935957253
Fire_567,1,0.9616599678993225,3,0.5,0.727798935957253
Fire_335,1,0.9788376092910767,3,0.5,0.727798935957253
Fire_112,1,0.9816447496414185,3,0.5,0.727798935957253
Fire_556,1,0.9729145169258118,3,0.5,0.727798935957253
Fire_203,1,0.9723708033561707,3,0.5,0.727798935957253
Fire_449,1,0.9569542407989502,3,0.5,0.727798935957253
Fire_486,1,0.9179572463035583,3,0.5,0.727798935957253
Fire_337,1,0.9747626781463623,3,0.5,0.727798935957253
Fire_137,1,0.986311137676239,3,0.5,0.727798935957253
Fire_30,1,0.9884695410728455,3,0.5,0.727798935957253
Fire_247,1,0.9832973480224609,3,0.5,0.727798935957253
Fire_448,1,0.98036789894104,3,0.5,0.727798935957253
Fire_569,1,0.9787524342536926,3,0.5,0.727798935957253
Fire_348,1,0.9769495129585266,3,0.5,0.727798935957253
Fire_544,1,0.9751313924789429,3,0.5,0.727798935957253
Fire_593,1,0.9590808153152466,3,0.5,0.727798935957253
Fire_258,1,0.9664057493209839,3,0.5,0.727798935957253
Fire_418,1,0.9703459739685059,3,0.5,0.727798935957253
Fire_200,1,0.956839382648468,3,0.5,0.727798935957253
Fire_446,1,0.9726358652114868,3,0.5,0.727798935957253
NoFire_97,0,0.0014822579687461257,3,0.5,0.727798935957253
NoFire_8,0,0.0008099379483610392,3,0.5,0.727798935957253
Fire_334,1,0.9591484665870667,3,0.5,0.727798935957253
NoFire_30,0,0.0007199619431048632,3,0.5,0.727798935957253
NoFire_49,0,0.000608071917667985,3,0.5,0.727798935957253
NoFire_20,0,0.00043477717554196715,3,0.5,0.727798935957253
NoFire_9,0,0.0005778168560937047,3,0.5,0.727798935957253
NoFire_83,0,0.0005604433827102184,3,0.5,0.727798935957253
NoFire_35,0,0.0003229391877539456,3,0.5,0.727798935957253
NoFire_74,0,0.000647527223918587,3,0.5,0.727798935957253
NoFire_51,0,0.00048397728824056685,3,0.5,0.727798935957253
NoFire_111,0,0.0003560987825039774,3,0.5,0.727798935957253
NoFire_38,0,0.0008312254794873297,3,0.5,0.727798935957253
NoFire_61,0,0.0003262092941440642,3,0.5,0.727798935957253
NoFire_55,0,0.000831580488011241,3,0.5,0.727798935957253
NoFire_70,0,0.00030166833312250674,3,0.5,0.727798935957253
Fire_157,1,0.8847657442092896,3,0.5,0.727798935957253
Fire_353,1,0.9227330684661865,3,0.5,0.727798935957253
Fire_517,1,0.9252678751945496,3,0.5,0.727798935957253
Fire_575,1,0.8461278676986694,3,0.5,0.727798935957253
Fire_253,1,0.9332684874534607,3,0.5,0.727798935957253
Fire_113,1,0.9409564733505249,3,0.5,0.727798935957253
Fire_562,1,0.9538761377334595,3,0.5,0.727798935957253
Fire_421,1,0.9481330513954163,3,0.5,0.727798935957253
Fire_160,1,0.9402188062667847,3,0.5,0.727798935957253
Fire_595,1,0.9345474243164062,3,0.5,0.727798935957253
Fire_613,1,0.9465790390968323,3,0.5,0.727798935957253
Fire_10,1,0.9729453325271606,3,0.5,0.727798935957253
Fire_461,1,0.9734758734703064,3,0.5,0.727798935957253
Fire_538,1,0.9553207159042358,3,0.5,0.727798935957253
Fire_604,1,0.9832714200019836,3,0.5,0.727798935957253
Fire_70,1,0.9758659601211548,3,0.5,0.727798935957253
Fire_564,1,0.9599087238311768,3,0.5,0.727798935957253
Fire_34,1,0.9695279598236084,3,0.5,0.727798935957253
Fire_251,1,0.9394935369491577,3,0.5,0.727798935957253
Fire_510,1,0.8730207681655884,3,0.5,0.727798935957253
Fire_450,1,0.8770391941070557,3,0.5,0.727798935957253
Fire_477,1,0.8253245949745178,3,0.5,0.727798935957253
Fire_614,1,0.441995233297348,3,0.5,0.727798935957253
Fire_138,1,0.04677142575383186,3,0.5,0.727798935957253
Fire_121,1,0.0894775539636612,0,0.5,0.7109314216068015
Fire_287,1,0.005653915926814079,0,0.5,0.7109314216068015
Fire_408,1,0.2807040214538574,0,0.5,0.7109314216068015
Fire_143,1,0.11037617921829224,0,0.5,0.7109314216068015
Fire_21,1,0.009122606366872787,0,0.5,0.7109314216068015
Fire_313,1,0.00026148007600568235,0,0.5,0.7109314216068015
NoFire_112,0,0.00013283897715155035,0,0.5,0.7109314216068015
NoFire_86,0,0.00013101179501973093,0,0.5,0.7109314216068015
NoFire_48,0,0.00015738928050268441,0,0.5,0.7109314216068015
NoFire_68,0,0.00014654190454166383,0,0.5,0.7109314216068015
NoFire_17,0,0.00014291834668256342,0,0.5,0.7109314216068015
NoFire_24,0,0.00014695918071083724,0,0.5,0.7109314216068015
NoFire_62,0,0.00016234770009759814,0,0.5,0.7109314216068015
NoFire_36,0,0.0001779163721948862,0,0.5,0.7109314216068015
NoFire_14,0,0.0002184166805818677,0,0.5,0.7109314216068015
NoFire_12,0,0.0002534654922783375,0,0.5,0.7109314216068015
NoFire_59,0,0.00028552309959195554,0,0.5,0.7109314216068015
NoFire_101,0,0.00035920270602218807,0,0.5,0.7109314216068015
NoFire_50,0,0.0003274553455412388,0,0.5,0.7109314216068015
NoFire_13,0,0.0004359213344287127,0,0.5,0.7109314216068015
NoFire_1,0,0.00037536234594881535,0,0.5,0.7109314216068015
NoFire_95,0,0.00045778017374686897,0,0.5,0.7109314216068015
NoFire_77,0,0.0004919726634398103,0,0.5,0.7109314216068015
NoFire_110,0,0.0009375561494380236,0,0.5,0.7109314216068015
NoFire_67,0,0.0005163126043044031,0,0.5,0.7109314216068015
NoFire_39,0,0.0006594747537747025,0,0.5,0.7109314216068015
NoFire_16,0,0.0008134138770401478,0,0.5,0.7109314216068015
NoFire_37,0,0.0002526760217733681,0,0.5,0.7109314216068015
NoFire_44,0,0.00029140672995708883,0,0.5,0.7109314216068015
NoFire_104,0,0.00019240702386014163,0,0.5,0.7109314216068015
NoFire_63,0,0.0001831252739066258,0,0.5,0.7109314216068015
NoFire_29,0,0.00019952221191488206,0,0.5,0.7109314216068015
NoFire_92,0,0.00015277096827048808,0,0.5,0.7109314216068015
NoFire_56,0,0.00040188117418438196,0,0.5,0.7109314216068015
Fire_531,1,0.4049038290977478,0,0.5,0.7109314216068015
NoFire_73,0,0.0005070929764769971,0,0.5,0.7109314216068015
NoFire_94,0,0.00020802722428925335,0,0.5,0.7109314216068015
NoFire_66,0,0.00043728729360736907,4,0.5,0.407629090215778
NoFire_18,0,0.000262414658209309,4,0.5,0.407629090215778
NoFire_6,0,0.0003650324360933155,4,0.5,0.407629090215778
NoFire_54,0,0.0013486531097441912,4,0.5,0.407629090215778
NoFire_58,0,0.0039916676469147205,4,0.5,0.407629090215778
NoFire_3,0,0.004117741249501705,4,0.5,0.407629090215778
NoFire_114,0,0.0013830462703481317,4,0.5,0.407629090215778
NoFire_102,0,0.0023700138553977013,4,0.5,0.407629090215778
NoFire_4,0,0.0004329824005253613,4,0.5,0.407629090215778
NoFire_80,0,0.0009368243627250195,4,0.5,0.407629090215778
NoFire_11,0,0.001050350721925497,4,0.5,0.407629090215778
NoFire_106,0,0.004391133319586515,4,0.5,0.407629090215778
NoFire_79,0,0.0022480739280581474,4,0.5,0.407629090215778
NoFire_10,0,0.0007068106206133962,4,0.5,0.407629090215778
NoFire_47,0,0.000783199502620846,4,0.5,0.407629090215778
NoFire_96,0,0.03207685425877571,4,0.5,0.407629090215778
NoFire_115,0,0.001513858325779438,4,0.5,0.407629090215778
NoFire_82,0,0.0005535929813049734,4,0.5,0.407629090215778
NoFire_27,0,0.0013654993381351233,4,0.5,0.407629090215778
NoFire_76,0,0.004601962398737669,4,0.5,0.407629090215778
NoFire_105,0,0.06855257600545883,1,0.5,0.5772501545143314
NoFire_99,0,0.03731998801231384,1,0.5,0.5772501545143314
NoFire_53,0,0.019270019605755806,1,0.5,0.5772501545143314
NoFire_42,0,0.14330922067165375,1,0.5,0.5772501545143314
NoFire_108,0,0.0011406721314415336,1,0.5,0.5772501545143314
NoFire_57,0,0.028555596247315407,1,0.5,0.5772501545143314
NoFire_88,0,0.03239847347140312,1,0.5,0.5772501545143314
NoFire_109,0,0.1442311406135559,1,0.5,0.5772501545143314
NoFire_87,0,0.0017884473782032728,1,0.5,0.5772501545143314
NoFire_7,0,0.0003828956978395581,1,0.5,0.5772501545143314
NoFire_2,0,0.0022823091130703688,1,0.5,0.5772501545143314
NoFire_19,0,0.0007906706305220723,1,0.5,0.5772501545143314
NoFire_33,0,0.0006821316201239824,1,0.5,0.5772501545143314
NoFire_23,0,0.0010340666631236672,1,0.5,0.5772501545143314
NoFire_98,0,0.0005068916943855584,1,0.5,0.5772501545143314
NoFire_71,0,0.0004888866096735001,1,0.5,0.5772501545143314
NoFire_52,0,0.0006456156843341887,1,0.5,0.5772501545143314
NoFire_21,0,0.0009914552792906761,1,0.5,0.5772501545143314
NoFire_107,0,0.0025631762109696865,1,0.5,0.5772501545143314
NoFire_31,0,0.007392271887511015,1,0.5,0.5772501545143314
NoFire_113,0,0.00033488753251731396,2,0.5,0.7460943253245205
NoFire_5,0,0.0007220931584015489,2,0.5,0.7460943253245205
NoFire_100,0,0.0015732761239632964,2,0.5,0.7460943253245205
NoFire_72,0,0.006814114283770323,2,0.5,0.7460943253245205
Fire_255,1,0.999658465385437,4,0.5,0.407629090215778
Fire_419,1,0.9997527003288269,4,0.5,0.407629090215778
Fire_395,1,0.9997736811637878,4,0.5,0.407629090215778
Fire_522,1,0.9996669292449951,4,0.5,0.407629090215778
Fire_190,1,0.9995338916778564,4,0.5,0.407629090215778
Fire_576,1,0.9995384216308594,4,0.5,0.407629090215778
Fire_355,1,0.9994420409202576,4,0.5,0.407629090215778
Fire_234,1,0.9992570281028748,4,0.5,0.407629090215778
Fire_294,1,0.9991196990013123,4,0.5,0.407629090215778
Fire_493,1,0.9991567134857178,4,0.5,0.407629090215778
Fire_370,1,0.9991014003753662,4,0.5,0.407629090215778
Fire_309,1,0.9994296431541443,4,0.5,0.407629090215778
Fire_324,1,0.9992871880531311,4,0.5,0.407629090215778
Fire_277,1,0.9994404911994934,4,0.5,0.407629090215778
Fire_588,1,0.9995415210723877,4,0.5,0.407629090215778
Fire_331,1,0.9995830655097961,4,0.5,0.407629090215778
Fire_104,1,0.9993484616279602,4,0.5,0.407629090215778
Fire_474,1,0.999618649482727,4,0.5,0.407629090215778
Fire_45,1,0.999622106552124,4,0.5,0.407629090215778
Fire_502,1,0.9996803998947144,4,0.5,0.407629090215778
Fire_264,1,0.999690055847168,2,0.5,0.7460943253245205
Fire_210,1,0.9997606873512268,2,0.5,0.7460943253245205
Fire_326,1,0.9997549653053284,2,0.5,0.7460943253245205
Fire_154,1,0.9997565150260925,2,0.5,0.7460943253245205
Fire_80,1,0.999800980091095,2,0.5,0.7460943253245205
Fire_503,1,0.9997544884681702,2,0.5,0.7460943253245205
Fire_229,1,0.9998264908790588,2,0.5,0.7460943253245205
Fire_67,1,0.9997255206108093,2,0.5,0.7460943253245205
Fire_501,1,0.999700665473938,2,0.5,0.7460943253245205
Fire_552,1,0.9997351765632629,2,0.5,0.7460943253245205
Fire_248,1,0.9996891021728516,2,0.5,0.7460943253245205
Fire_119,1,0.9994350075721741,2,0.5,0.7460943253245205
Fire_490,1,0.9998296499252319,2,0.5,0.7460943253245205
Fire_452,1,0.9999265670776367,2,0.5,0.7460943253245205
Fire_328,1,0.9998838901519775,2,0.5,0.7460943253245205
Fire_546,1,0.9997439980506897,2,0.5,0.7460943253245205
Fire_520,1,0.9994989633560181,2,0.5,0.7460943253245205
Fire_406,1,0.9994907379150391,2,0.5,0.7460943253245205
Fire_292,1,0.9992542862892151,2,0.5,0.7460943253245205
Fire_341,1,0.999240517616272,2,0.5,0.7460943253245205
Fire_33,1,0.9991074204444885,2,0.5,0.7460943253245205
Fire_68,1,0.9985993504524231,2,0.5,0.7460943253245205
Fire_29,1,0.9985650181770325,2,0.5,0.7460943253245205
Fire_579,1,0.9989635944366455,2,0.5,0.7460943253245205
Fire_219,1,0.9988559484481812,2,0.5,0.7460943253245205
Fire_416,1,0.9992333650588989,2,0.5,0.7460943253245205
Fire_171,1,0.9995231628417969,2,0.5,0.7460943253245205
Fire_436,1,0.9992750287055969,2,0.5,0.7460943253245205
Fire_478,1,0.9992899894714355,2,0.5,0.7460943253245205
Fire_559,1,0.9993799924850464,2,0.5,0.7460943253245205
Fire_72,1,0.9993396401405334,2,0.5,0.7460943253245205
Fire_364,1,0.999204695224762,2,0.5,0.7460943253245205
Fire_279,1,0.9993663430213928,2,0.5,0.7460943253245205
Fire_116,1,0.9988873600959778,2,0.5,0.7460943253245205
Fire_384,1,0.9992986917495728,2,0.5,0.7460943253245205
Fire_387,1,0.9990848302841187,1,0.5,0.5772501545143314
Fire_106,1,0.9994514584541321,1,0.5,0.5772501545143314
Fire_570,1,0.9994893074035645,1,0.5,0.5772501545143314
Fire_216,1,0.9994441866874695,1,0.5,0.5772501545143314
Fire_12,1,0.9994205236434937,1,0.5,0.5772501545143314
Fire_433,1,0.9985520243644714,2,0.5,0.7460943253245205
Fire_551,1,0.9985631108283997,2,0.5,0.7460943253245205
Fire_597,1,0.9989891648292542,2,0.5,0.7460943253245205
Fire_32,1,0.9993727803230286,2,0.5,0.7460943253245205
Fire_87,1,0.9993021488189697,2,0.5,0.7460943253245205
Fire_205,1,0.9977619647979736,2,0.5,0.7460943253245205
Fire_123,1,0.9973932504653931,2,0.5,0.7460943253245205
Fire_539,1,0.9980547428131104,2,0.5,0.7460943253245205
Fire_221,1,0.9989608526229858,2,0.5,0.7460943253245205
Fire_488,1,0.9990043044090271,2,0.5,0.7460943253245205
Fire_581,1,0.999346911907196,2,0.5,0.7460943253245205
Fire_49,1,0.999265730381012,2,0.5,0.7460943253245205
Fire_152,1,0.9994258880615234,2,0.5,0.7460943253245205
Fire_175,1,0.9992458820343018,2,0.5,0.7460943253245205
Fire_61,1,0.9993852376937866,2,0.5,0.7460943253245205
Fire_504,1,0.9994738698005676,2,0.5,0.7460943253245205
Fire_136,1,0.9994596838951111,2,0.5,0.7460943253245205
Fire_513,1,0.9991301894187927,2,0.5,0.7460943253245205
Fire_462,1,0.9995399713516235,2,0.5,0.7460943253245205
Fire_376,1,0.9994598031044006,2,0.5,0.7460943253245205
Fire_38,1,0.9995243549346924,1,0.5,0.5772501545143314
Fire_228,1,0.9996552467346191,1,0.5,0.5772501545143314
Fire_385,1,0.9997602105140686,1,0.5,0.5772501545143314
Fire_412,1,0.9997531771659851,1,0.5,0.5772501545143314
Fire_9,1,0.9997532963752747,1,0.5,0.5772501545143314
Fire_349,1,0.9998527765274048,1,0.5,0.5772501545143314
Fire_227,1,0.999835729598999,1,0.5,0.5772501545143314
Fire_457,1,0.9999052286148071,1,0.5,0.5772501545143314
Fire_599,1,0.9999165534973145,1,0.5,0.5772501545143314
Fire_530,1,0.9999161958694458,1,0.5,0.5772501545143314
Fire_561,1,0.9998792409896851,1,0.5,0.5772501545143314
Fire_295,1,0.9998730421066284,1,0.5,0.5772501545143314
Fire_596,1,0.999873161315918,1,0.5,0.5772501545143314
Fire_536,1,0.9998601675033569,1,0.5,0.5772501545143314
Fire_532,1,0.9998546838760376,1,0.5,0.5772501545143314
Fire_122,1,0.9998094439506531,1,0.5,0.5772501545143314
Fire_261,1,0.9997321963310242,1,0.5,0.5772501545143314
Fire_51,1,0.9990215301513672,1,0.5,0.5772501545143314
Fire_220,1,0.9991624355316162,1,0.5,0.5772501545143314
Fire_178,1,0.9990731477737427,1,0.5,0.5772501545143314
Fire_56,1,0.9994426369667053,1,0.5,0.5772501545143314
Fire_415,1,0.9992755055427551,1,0.5,0.5772501545143314
Fire_494,1,0.9991759657859802,1,0.5,0.5772501545143314
Fire_117,1,0.9990882873535156,1,0.5,0.5772501545143314
Fire_362,1,0.9993497729301453,1,0.5,0.5772501545143314
Fire_78,1,0.9994452595710754,1,0.5,0.5772501545143314
Fire_610,1,0.9995380640029907,1,0.5,0.5772501545143314
Fire_403,1,0.9996102452278137,1,0.5,0.5772501545143314
Fire_550,1,0.9996681213378906,1,0.5,0.5772501545143314
Fire_424,1,0.9997392296791077,1,0.5,0.5772501545143314
Fire_327,1,0.9997087121009827,1,0.5,0.5772501545143314
Fire_587,1,0.9997629523277283,1,0.5,0.5772501545143314
Fire_180,1,0.9997811913490295,1,0.5,0.5772501545143314
Fire_173,1,0.999784529209137,1,0.5,0.5772501545143314
Fire_207,1,0.9997560381889343,1,0.5,0.5772501545143314
Fire_74,1,0.9998062252998352,1,0.5,0.5772501545143314
Fire_185,1,0.9997573494911194,1,0.5,0.5772501545143314
Fire_622,1,0.9997503161430359,1,0.5,0.5772501545143314
Fire_497,1,0.9997877478599548,1,0.5,0.5772501545143314
Fire_601,1,0.9998408555984497,1,0.5,0.5772501545143314
Fire_465,1,0.9997511506080627,2,0.5,0.7460943253245205
Fire_212,1,0.9998528957366943,2,0.5,0.7460943253245205
Fire_275,1,0.9998365640640259,2,0.5,0.7460943253245205
Fire_273,1,0.9998045563697815,2,0.5,0.7460943253245205
Fire_542,1,0.9997957348823547,2,0.5,0.7460943253245205
Fire_31,1,0.9997408986091614,2,0.5,0.7460943253245205
Fire_396,1,0.9997665286064148,3,0.5,0.727798935957253
Fire_566,1,0.9997318387031555,3,0.5,0.727798935957253
Fire_110,1,0.9996057152748108,3,0.5,0.727798935957253
Fire_256,1,0.999606192111969,3,0.5,0.727798935957253
Fire_315,1,0.9995056390762329,3,0.5,0.727798935957253
Fire_428,1,0.9995346069335938,3,0.5,0.727798935957253
Fire_86,1,0.9995386600494385,3,0.5,0.727798935957253
Fire_75,1,0.9995720982551575,3,0.5,0.727798935957253
Fire_381,1,0.9992971420288086,3,0.5,0.727798935957253
Fire_342,1,0.9994626641273499,3,0.5,0.727798935957253
Fire_111,1,0.9996968507766724,3,0.5,0.727798935957253
Fire_184,1,0.9997100234031677,3,0.5,0.727798935957253
Fire_391,1,0.9997029900550842,3,0.5,0.727798935957253
Fire_66,1,0.999767005443573,3,0.5,0.727798935957253
Fire_22,1,0.9998133778572083,3,0.5,0.727798935957253
Fire_572,1,0.9998703002929688,3,0.5,0.727798935957253
Fire_380,1,0.9998904466629028,3,0.5,0.727798935957253
Fire_131,1,0.9998806715011597,3,0.5,0.727798935957253
Fire_257,1,0.999840497970581,3,0.5,0.727798935957253
Fire_222,1,0.9997912049293518,3,0.5,0.727798935957253
Fire_358,1,0.9996716976165771,1,0.5,0.5772501545143314
Fire_163,1,0.9996480941772461,1,0.5,0.5772501545143314
Fire_541,1,0.9996293783187866,1,0.5,0.5772501545143314
Fire_344,1,0.9996311664581299,1,0.5,0.5772501545143314
Fire_603,1,0.9997544884681702,1,0.5,0.5772501545143314
Fire_607,1,0.9998759031295776,1,0.5,0.5772501545143314
Fire_463,1,0.9998601675033569,1,0.5,0.5772501545143314
Fire_263,1,0.9998853206634521,1,0.5,0.5772501545143314
Fire_356,1,0.9999008178710938,1,0.5,0.5772501545143314
Fire_65,1,0.9998958110809326,1,0.5,0.5772501545143314
Fire_304,1,0.9998781681060791,1,0.5,0.5772501545143314
Fire_1,1,0.9997656941413879,1,0.5,0.5772501545143314
Fire_606,1,0.9996559619903564,1,0.5,0.5772501545143314
Fire_431,1,0.9995906949043274,1,0.5,0.5772501545143314
Fire_243,1,0.9995817542076111,3,0.5,0.727798935957253
Fire_340,1,0.9996470212936401,3,0.5,0.727798935957253
Fire_282,1,0.9997079968452454,3,0.5,0.727798935957253
Fire_464,1,0.9997016787528992,3,0.5,0.727798935957253
Fire_404,1,0.9994996786117554,3,0.5,0.727798935957253
Fire_46,1,0.999207079410553,3,0.5,0.727798935957253
Fire_378,1,0.9996670484542847,3,0.5,0.727798935957253
Fire_25,1,0.999439537525177,3,0.5,0.727798935957253
Fire_132,1,0.9993171691894531,3,0.5,0.727798935957253
Fire_602,1,0.999039351940155,3,0.5,0.727798935957253
Fire_169,1,0.9994683861732483,3,0.5,0.727798935957253
Fire_298,1,0.9995490908622742,3,0.5,0.727798935957253
Fire_512,1,0.9993429780006409,3,0.5,0.727798935957253
Fire_445,1,0.9994158744812012,3,0.5,0.727798935957253
Fire_545,1,0.9992740750312805,3,0.5,0.727798935957253
Fire_484,1,0.9885127544403076,3,0.5,0.727798935957253
NoFire_15,0,0.0013795247068628669,3,0.5,0.727798935957253
NoFire_41,0,0.0012740198289975524,3,0.5,0.727798935957253
NoFire_65,0,0.000903582782484591,3,0.5,0.727798935957253
NoFire_91,0,0.0016455849399790168,3,0.5,0.727798935957253
NoFire_93,0,0.0011556337121874094,3,0.5,0.727798935957253
NoFire_78,0,0.001009357045404613,3,0.5,0.727798935957253
NoFire_25,0,0.0010152917820960283,3,0.5,0.727798935957253
NoFire_64,0,0.0009321735706180334,3,0.5,0.727798935957253
Fire_289,1,0.9986110925674438,1,0.5,0.5772501545143314
Fire_435,1,0.9985639452934265,1,0.5,0.5772501545143314
Fire_206,1,0.9986971020698547,1,0.5,0.5772501545143314
Fire_409,1,0.9990053772926331,1,0.5,0.5772501545143314
Fire_453,1,0.9985184073448181,1,0.5,0.5772501545143314
Fire_617,1,0.9988477230072021,1,0.5,0.5772501545143314
Fire_20,1,0.9986691474914551,1,0.5,0.5772501545143314
Fire_354,1,0.9986263513565063,1,0.5,0.5772501545143314
Fire_280,1,0.998880922794342,1,0.5,0.5772501545143314
Fire_8,1,0.9994059801101685,1,0.5,0.5772501545143314
Fire_223,1,0.9992619156837463,1,0.5,0.5772501545143314
Fire_397,1,0.9992986917495728,1,0.5,0.5772501545143314
Fire_23,1,0.9997243285179138,1,0.5,0.5772501545143314
Fire_55,1,0.9996895790100098,1,0.5,0.5772501545143314
Fire_442,1,0.9994414448738098,1,0.5,0.5772501545143314
Fire_537,1,0.9993036985397339,1,0.5,0.5772501545143314
Fire_232,1,0.997241735458374,4,0.5,0.407629090215778
Fire_470,1,0.9989579916000366,0,0.5,0.7109314216068015
Fire_201,1,0.999040424823761,0,0.5,0.7109314216068015
Fire_321,1,0.9990469813346863,0,0.5,0.7109314216068015
Fire_372,1,0.998626708984375,0,0.5,0.7109314216068015
Fire_589,1,0.9988388419151306,0,0.5,0.7109314216068015
Fire_540,1,0.9987131357192993,0,0.5,0.7109314216068015
Fire_47,1,0.9987931251525879,0,0.5,0.7109314216068015
Fire_306,1,0.9987902045249939,0,0.5,0.7109314216068015
Fire_616,1,0.9989467263221741,0,0.5,0.7109314216068015
Fire_130,1,0.9992683529853821,0,0.5,0.7109314216068015
Fire_469,1,0.9992546439170837,0,0.5,0.7109314216068015
Fire_585,1,0.9990832805633545,0,0.5,0.7109314216068015
Fire_357,1,0.9991443157196045,0,0.5,0.7109314216068015
Fire_27,1,0.9990788698196411,0,0.5,0.7109314216068015
Fire_83,1,0.9996365308761597,0,0.5,0.7109314216068015
Fire_521,1,0.9998877048492432,0,0.5,0.7109314216068015
Fire_351,1,0.9999535083770752,0,0.5,0.7109314216068015
Fire_18,1,0.9999730587005615,0,0.5,0.7109314216068015
Fire_139,1,0.9999583959579468,0,0.5,0.7109314216068015
Fire_392,1,0.9998372793197632,0,0.5,0.7109314216068015
Fire_225,1,0.9998276233673096,4,0.5,0.407629090215778
Fire_128,1,0.9998161196708679,4,0.5,0.407629090215778
Fire_260,1,0.99972003698349,4,0.5,0.407629090215778
Fire_554,1,0.9995610117912292,4,0.5,0.407629090215778
Fire_336,1,0.998796820640564,4,0.5,0.407629090215778
Fire_52,1,0.9979791045188904,4,0.5,0.407629090215778
Fire_615,1,0.998638927936554,4,0.5,0.407629090215778
Fire_523,1,0.9992724061012268,4,0.5,0.407629090215778
Fire_558,1,0.9991961121559143,4,0.5,0.407629090215778
Fire_109,1,0.9995536208152771,4,0.5,0.407629090215778
Fire_155,1,0.9994207620620728,4,0.5,0.407629090215778
Fire_62,1,0.9991315007209778,4,0.5,0.407629090215778
Fire_438,1,0.9996212720870972,4,0.5,0.407629090215778
Fire_276,1,0.9997559189796448,4,0.5,0.407629090215778
Fire_96,1,0.9994309544563293,4,0.5,0.407629090215778
Fire_399,1,0.9993520379066467,4,0.5,0.407629090215778
Fire_439,1,0.9993714690208435,4,0.5,0.407629090215778
Fire_133,1,0.9994051456451416,4,0.5,0.407629090215778
Fire_535,1,0.9994075298309326,4,0.5,0.407629090215778
Fire_555,1,0.9992521405220032,4,0.5,0.407629090215778
Fire_519,1,0.9990567564964294,4,0.5,0.407629090215778
Fire_516,1,0.9991280436515808,4,0.5,0.407629090215778
Fire_414,1,0.9993507266044617,4,0.5,0.407629090215778
Fire_410,1,0.9993190765380859,4,0.5,0.407629090215778
Fire_142,1,0.9992923736572266,4,0.5,0.407629090215778
Fire_158,1,0.9993295669555664,4,0.5,0.407629090215778
Fire_609,1,0.9997935891151428,4,0.5,0.407629090215778
Fire_514,1,0.9998214840888977,4,0.5,0.407629090215778
Fire_386,1,0.9998227953910828,4,0.5,0.407629090215778
Fire_291,1,0.9998974800109863,1,0.5,0.5772501545143314
Fire_127,1,0.9998754262924194,1,0.5,0.5772501545143314
Fire_560,1,0.9998914003372192,1,0.5,0.5772501545143314
Fire_179,1,0.9999139308929443,1,0.5,0.5772501545143314
Fire_97,1,0.999954104423523,1,0.5,0.5772501545143314
Fire_53,1,0.9998966455459595,1,0.5,0.5772501545143314
Fire_166,1,0.9999407529830933,1,0.5,0.5772501545143314
Fire_365,1,0.9999227523803711,1,0.5,0.5772501545143314
Fire_153,1,0.9999281167984009,1,0.5,0.5772501545143314
Fire_620,1,0.9999407529830933,1,0.5,0.5772501545143314
Fire_246,1,0.9999289512634277,1,0.5,0.5772501545143314
Fire_460,1,0.9999169111251831,1,0.5,0.5772501545143314
Fire_388,1,0.9999265670776367,1,0.5,0.5772501545143314
Fire_405,1,0.9998964071273804,1,0.5,0.5772501545143314
Fire_590,1,0.9998964071273804,1,0.5,0.5772501545143314
Fire_11,1,0.9999059438705444,1,0.5,0.5772501545143314
Fire_126,1,0.9999161958694458,1,0.5,0.5772501545143314
Fire_557,1,0.9998955726623535,1,0.5,0.5772501545143314
Fire_267,1,0.9995637536048889,1,0.5,0.5772501545143314
Fire_236,1,0.9998984336853027,1,0.5,0.5772501545143314
Fire_5,1,0.9993476271629333,4,0.5,0.407629090215778
Fire_73,1,0.9989228844642639,4,0.5,0.407629090215778
Fire_311,1,0.9991348385810852,4,0.5,0.407629090215778
Fire_456,1,0.9988462924957275,4,0.5,0.407629090215778
Fire_4,1,0.9993537068367004,4,0.5,0.407629090215778
Fire_64,1,0.9993127584457397,4,0.5,0.407629090215778
Fire_296,1,0.9989031553268433,4,0.5,0.407629090215778
Fire_35,1,0.999021053314209,4,0.5,0.407629090215778
Fire_417,1,0.9993471503257751,4,0.5,0.407629090215778
Fire_93,1,0.9992063641548157,4,0.5,0.407629090215778
Fire_39,1,0.9991357922554016,4,0.5,0.407629090215778
Fire_343,1,0.9993410706520081,4,0.5,0.407629090215778
Fire_182,1,0.9997766613960266,4,0.5,0.407629090215778
Fire_578,1,0.9997643828392029,4,0.5,0.407629090215778
Fire_505,1,0.9996451139450073,4,0.5,0.407629090215778
Fire_266,1,0.9997604489326477,4,0.5,0.407629090215778
Fire_480,1,0.9998773336410522,4,0.5,0.407629090215778
Fire_301,1,0.9999229907989502,4,0.5,0.407629090215778
Fire_549,1,0.9998606443405151,4,0.5,0.407629090215778
Fire_177,1,0.9998806715011597,4,0.5,0.407629090215778
Fire_58,1,0.9982917904853821,2,0.5,0.7460943253245205
Fire_84,1,0.9991515874862671,2,0.5,0.7460943253245205
Fire_577,1,0.9987649917602539,2,0.5,0.7460943253245205
Fire_543,1,0.9993957281112671,2,0.5,0.7460943253245205
Fire_482,1,0.9990957975387573,2,0.5,0.7460943253245205
Fire_50,1,0.9991297125816345,2,0.5,0.7460943253245205
Fire_48,1,0.998798131942749,2,0.5,0.7460943253245205
Fire_59,1,0.9978488683700562,2,0.5,0.7460943253245205
Fire_373,1,0.9985561966896057,2,0.5,0.7460943253245205
Fire_303,1,0.9982787370681763,2,0.5,0.7460943253245205
Fire_444,1,0.9997437596321106,3,0.5,0.727798935957253
Fire_183,1,0.9997208714485168,3,0.5,0.727798935957253
Fire_63,1,0.9997501969337463,3,0.5,0.727798935957253
Fire_245,1,0.9997071623802185,3,0.5,0.727798935957253
Fire_42,1,0.999640703201294,3,0.5,0.727798935957253
Fire_314,1,0.999742329120636,3,0.5,0.727798935957253
Fire_197,1,0.9997164607048035,3,0.5,0.727798935957253
Fire_368,1,0.9997684359550476,3,0.5,0.727798935957253
Fire_19,1,0.9997575879096985,3,0.5,0.727798935957253
Fire_274,1,0.9998157620429993,3,0.5,0.727798935957253
Fire_103,1,0.9998003840446472,3,0.5,0.727798935957253
Fire_568,1,0.9995222091674805,3,0.5,0.727798935957253
Fire_288,1,0.9993953704833984,3,0.5,0.727798935957253
Fire_24,1,0.9997324347496033,3,0.5,0.727798935957253
Fire_333,1,0.9997879862785339,3,0.5,0.727798935957253
Fire_402,1,0.9996840953826904,3,0.5,0.727798935957253
Fire_305,1,0.9997480511665344,3,0.5,0.727798935957253
Fire_352,1,0.9998499155044556,3,0.5,0.727798935957253
Fire_455,1,0.9998741149902344,3,0.5,0.727798935957253
Fire_249,1,0.9999068975448608,3,0.5,0.727798935957253
Fire_259,1,0.9998962879180908,0,0.5,0.7109314216068015
Fire_325,1,0.9998863935470581,0,0.5,0.7109314216068015
Fire_612,1,0.9996113181114197,0,0.5,0.7109314216068015
Fire_591,1,0.9997866749763489,0,0.5,0.7109314216068015
Fire_37,1,0.9998249411582947,0,0.5,0.7109314216068015
Fire_525,1,0.9998108744621277,0,0.5,0.7109314216068015
Fire_323,1,0.9998365640640259,0,0.5,0.7109314216068015
Fire_393,1,0.9998869895935059,0,0.5,0.7109314216068015
Fire_515,1,0.9998218417167664,0,0.5,0.7109314216068015
Fire_57,1,0.9998109936714172,0,0.5,0.7109314216068015
Fire_284,1,0.9997342228889465,0,0.5,0.7109314216068015
Fire_508,1,0.9996770620346069,0,0.5,0.7109314216068015
Fire_196,1,0.9993658661842346,0,0.5,0.7109314216068015
Fire_345,1,0.9992996454238892,0,0.5,0.7109314216068015
Fire_164,1,0.9997076392173767,0,0.5,0.7109314216068015
Fire_479,1,0.999715268611908,0,0.5,0.7109314216068015
Fire_125,1,0.9998103976249695,0,0.5,0.7109314216068015
Fire_586,1,0.9998300075531006,0,0.5,0.7109314216068015
Fire_134,1,0.9997738003730774,0,0.5,0.7109314216068015
Fire_379,1,0.9987515211105347,0,0.5,0.7109314216068015
Fire_268,1,0.9807337522506714,0,0.5,0.7109314216068015
Fire_281,1,0.9989650249481201,0,0.5,0.7109314216068015
Fire_518,1,0.9987707734107971,0,0.5,0.7109314216068015
Fire_507,1,0.576566219329834,0,0.5,0.7109314216068015
Fire_189,1,0.43055132031440735,0,0.5,0.7109314216068015
Fire_211,1,0.48887282609939575,0,0.5,0.7109314216068015
Fire_466,1,0.41558170318603516,0,0.5,0.7109314216068015
Fire_430,1,0.6491668224334717,0,0.5,0.7109314216068015
Fire_330,1,0.5642098784446716,0,0.5,0.7109314216068015
Fire_529,1,0.9913438558578491,0,0.5,0.7109314216068015
Fire_432,1,0.9927948117256165,0,0.5,0.7109314216068015
Fire_285,1,0.9610865116119385,0,0.5,0.7109314216068015
Fire_213,1,0.9992096424102783,0,0.5,0.7109314216068015
Fire_218,1,0.9992510676383972,0,0.5,0.7109314216068015
Fire_202,1,0.9997318387031555,0,0.5,0.7109314216068015
Fire_36,1,0.9991022348403931,0,0.5,0.7109314216068015
Fire_270,1,0.9999308586120605,0,0.5,0.7109314216068015
Fire_472,1,0.9999284744262695,0,0.5,0.7109314216068015
Fire_467,1,0.9951430559158325,0,0.5,0.7109314216068015
Fire_534,1,0.9775773882865906,0,0.5,0.7109314216068015
Fire_527,1,0.9970355033874512,0,0.5,0.7109314216068015
Fire_16,1,0.9996613264083862,2,0.5,0.7460943253245205
Fire_161,1,0.9999128580093384,2,0.5,0.7460943253245205
Fire_475,1,0.9998816251754761,2,0.5,0.7460943253245205
Fire_193,1,0.9999008178710938,2,0.5,0.7460943253245205
Fire_272,1,0.99978107213974,2,0.5,0.7460943253245205
Fire_363,1,0.9998514652252197,2,0.5,0.7460943253245205
Fire_254,1,0.9999356269836426,2,0.5,0.7460943253245205
Fire_149,1,0.9999189376831055,2,0.5,0.7460943253245205
Fire_300,1,0.9998692274093628,2,0.5,0.7460943253245205
Fire_13,1,0.9998114705085754,2,0.5,0.7460943253245205
Fire_429,1,0.9996763467788696,2,0.5,0.7460943253245205
Fire_299,1,0.9997528195381165,2,0.5,0.7460943253245205
Fire_170,1,0.9997003078460693,2,0.5,0.7460943253245205
Fire_241,1,0.9994304776191711,2,0.5,0.7460943253245205
Fire_580,1,0.9994968175888062,2,0.5,0.7460943253245205
Fire_2,1,0.9995535016059875,2,0.5,0.7460943253245205
Fire_90,1,0.9976111650466919,2,0.5,0.7460943253245205
Fire_92,1,0.99965500831604,2,0.5,0.7460943253245205
Fire_401,1,0.9997813105583191,2,0.5,0.7460943253245205
Fire_198,1,0.999790370464325,2,0.5,0.7460943253245205
Fire_319,1,0.9997166991233826,2,0.5,0.7460943253245205
Fire_235,1,0.9997133612632751,2,0.5,0.7460943253245205
Fire_346,1,0.9997740387916565,2,0.5,0.7460943253245205
Fire_99,1,0.9996447563171387,2,0.5,0.7460943253245205
Fire_487,1,0.9995822310447693,2,0.5,0.7460943253245205
Fire_140,1,0.9995951056480408,2,0.5,0.7460943253245205
Fire_598,1,0.9996523857116699,2,0.5,0.7460943253245205
Fire_423,1,0.9997019171714783,2,0.5,0.7460943253245205
Fire_369,1,0.9996737241744995,2,0.5,0.7460943253245205
Fire_592,1,0.999729335308075,2,0.5,0.7460943253245205
Fire_471,1,0.9998915195465088,1,0.5,0.5772501545143314
Fire_440,1,0.9998433589935303,1,0.5,0.5772501545143314
Fire_226,1,0.9997640252113342,1,0.5,0.5772501545143314
Fire_118,1,0.9998252987861633,1,0.5,0.5772501545143314
Fire_102,1,0.9998140931129456,1,0.5,0.5772501545143314
Fire_389,1,0.9997231364250183,1,0.5,0.5772501545143314
Fire_230,1,0.999881386756897,1,0.5,0.5772501545143314
Fire_265,1,0.9998890161514282,1,0.5,0.5772501545143314
Fire_168,1,0.9998812675476074,1,0.5,0.5772501545143314
Fire_209,1,0.9998354911804199,1,0.5,0.5772501545143314
Fire_451,1,0.9998471736907959,1,0.5,0.5772501545143314
Fire_611,1,0.9998862743377686,1,0.5,0.5772501545143314
Fire_594,1,0.9998791217803955,1,0.5,0.5772501545143314
Fire_371,1,0.9997479319572449,1,0.5,0.5772501545143314
Fire_485,1,0.9998114705085754,1,0.5,0.5772501545143314
Fire_100,1,0.9998725652694702,1,0.5,0.5772501545143314
Fire_367,1,0.9997243285179138,1,0.5,0.5772501545143314
Fire_347,1,0.9997255206108093,1,0.5,0.5772501545143314
Fire_41,1,0.999783456325531,1,0.5,0.5772501545143314
Fire_95,1,0.9997914433479309,1,0.5,0.5772501545143314
Fire_108,1,0.9996490478515625,4,0.5,0.407629090215778
Fire_366,1,0.9995468258857727,4,0.5,0.407629090215778
Fire_318,1,0.9994280934333801,4,0.5,0.407629090215778
Fire_26,1,0.9993683695793152,4,0.5,0.407629090215778
Fire_489,1,0.9984790682792664,4,0.5,0.407629090215778
Fire_239,1,0.9993265867233276,4,0.5,0.407629090215778
Fire_233,1,0.999565064907074,4,0.5,0.407629090215778
Fire_101,1,0.9994263648986816,4,0.5,0.407629090215778
Fire_54,1,0.9995654225349426,4,0.5,0.407629090215778
Fire_159,1,0.9994176626205444,4,0.5,0.407629090215778
Fire_425,1,0.9993306398391724,4,0.5,0.407629090215778
Fire_44,1,0.9995145797729492,4,0.5,0.407629090215778
Fire_426,1,0.9994412064552307,4,0.5,0.407629090215778
Fire_148,1,0.9995788931846619,4,0.5,0.407629090215778
Fire_290,1,0.9995254278182983,4,0.5,0.407629090215778
Fire_312,1,0.9995611310005188,4,0.5,0.407629090215778
Fire_361,1,0.9994927644729614,4,0.5,0.407629090215778
Fire_377,1,0.999502420425415,4,0.5,0.407629090215778
Fire_509,1,0.9995759129524231,4,0.5,0.407629090215778
Fire_250,1,0.9997299313545227,1,0.5,0.5772501545143314
Fire_398,1,0.9996873140335083,1,0.5,0.5772501545143314
Fire_174,1,0.9996833801269531,1,0.5,0.5772501545143314
Fire_360,1,0.9996672868728638,1,0.5,0.5772501545143314
Fire_582,1,0.9997031092643738,1,0.5,0.5772501545143314
Fire_329,1,0.9997519850730896,1,0.5,0.5772501545143314
Fire_79,1,0.999691367149353,1,0.5,0.5772501545143314
Fire_252,1,0.9996614456176758,1,0.5,0.5772501545143314
Fire_107,1,0.9993859529495239,2,0.5,0.7460943253245205
Fire_350,1,0.999466598033905,2,0.5,0.7460943253245205
Fire_7,1,0.9993791580200195,2,0.5,0.7460943253245205
Fire_3,1,0.9997045397758484,2,0.5,0.7460943253245205
Fire_40,1,0.9995142221450806,2,0.5,0.7460943253245205
Fire_69,1,0.9997941851615906,2,0.5,0.7460943253245205
Fire_286,1,0.9997808337211609,2,0.5,0.7460943253245205
Fire_114,1,0.9997496008872986,2,0.5,0.7460943253245205
Fire_224,1,0.9998286962509155,2,0.5,0.7460943253245205
Fire_563,1,0.9998143315315247,2,0.5,0.7460943253245205
Fire_71,1,0.999718964099884,2,0.5,0.7460943253245205
Fire_135,1,0.999742329120636,2,0.5,0.7460943253245205
Fire_297,1,0.9997351765632629,2,0.5,0.7460943253245205
Fire_293,1,0.9997274279594421,2,0.5,0.7460943253245205
Fire_454,1,0.9997022747993469,2,0.5,0.7460943253245205
Fire_15,1,0.9995796084403992,2,0.5,0.7460943253245205
Fire_618,1,0.9994400143623352,2,0.5,0.7460943253245205
Fire_147,1,0.9998537302017212,2,0.5,0.7460943253245205
Fire_574,1,0.999762237071991,4,0.5,0.407629090215778
Fire_500,1,0.9993776679039001,4,0.5,0.407629090215778
Fire_338,1,0.9997593760490417,4,0.5,0.407629090215778
Fire_483,1,0.9999409914016724,0,0.5,0.7109314216068015
Fire_400,1,0.9996486902236938,0,0.5,0.7109314216068015
Fire_307,1,0.9999014139175415,0,0.5,0.7109314216068015
Fire_506,1,0.9997276663780212,0,0.5,0.7109314216068015
Fire_583,1,0.9998631477355957,0,0.5,0.7109314216068015
Fire_208,1,0.9999386072158813,0,0.5,0.7109314216068015
Fire_172,1,0.9999566078186035,0,0.5,0.7109314216068015
Fire_186,1,0.9999217987060547,0,0.5,0.7109314216068015
Fire_375,1,0.9998589754104614,0,0.5,0.7109314216068015
Fire_85,1,0.9998138546943665,0,0.5,0.7109314216068015
Fire_231,1,0.999957799911499,0,0.5,0.7109314216068015
Fire_82,1,0.9998817443847656,0,0.5,0.7109314216068015
Fire_411,1,0.9998937845230103,0,0.5,0.7109314216068015
Fire_565,1,0.9999074935913086,0,0.5,0.7109314216068015
Fire_199,1,0.9998958110809326,0,0.5,0.7109314216068015
Fire_144,1,0.9998981952667236,0,0.5,0.7109314216068015
Fire_262,1,0.999893307685852,0,0.5,0.7109314216068015
Fire_407,1,0.9999406337738037,0,0.5,0.7109314216068015
Fire_283,1,0.9999239444732666,0,0.5,0.7109314216068015
Fire_237,1,0.9998904466629028,0,0.5,0.7109314216068015
Fire_492,1,0.9999549388885498,3,0.5,0.727798935957253
Fire_317,1,0.999953031539917,3,0.5,0.727798935957253
Fire_605,1,0.9999338388442993,3,0.5,0.727798935957253
Fire_76,1,0.999586284160614,3,0.5,0.727798935957253
Fire_238,1,0.9999344348907471,3,0.5,0.727798935957253
Fire_167,1,0.9999375343322754,3,0.5,0.727798935957253
Fire_141,1,0.999962568283081,3,0.5,0.727798935957253
Fire_547,1,0.9998856782913208,3,0.5,0.727798935957253
Fire_496,1,0.9999392032623291,3,0.5,0.727798935957253
Fire_553,1,0.9999661445617676,3,0.5,0.727798935957253
Fire_320,1,0.9999088048934937,3,0.5,0.727798935957253
Fire_217,1,0.9999536275863647,3,0.5,0.727798935957253
Fire_129,1,0.9999488592147827,3,0.5,0.727798935957253
Fire_204,1,0.9999698400497437,3,0.5,0.727798935957253
Fire_214,1,0.9999498128890991,3,0.5,0.727798935957253
Fire_88,1,0.9999516010284424,3,0.5,0.727798935957253
Fire_165,1,0.999895453453064,3,0.5,0.727798935957253
Fire_308,1,0.9999774694442749,3,0.5,0.727798935957253
Fire_98,1,0.9998869895935059,3,0.5,0.727798935957253
Fire_443,1,0.999983549118042,3,0.5,0.727798935957253
Fire_271,1,0.9999107122421265,4,0.5,0.407629090215778
Fire_188,1,0.9991244673728943,4,0.5,0.407629090215778
Fire_383,1,0.9997550845146179,4,0.5,0.407629090215778
Fire_473,1,0.9999209642410278,4,0.5,0.407629090215778
Fire_491,1,0.9998430013656616,4,0.5,0.407629090215778
Fire_81,1,0.999869704246521,4,0.5,0.407629090215778
Fire_390,1,0.9999135732650757,4,0.5,0.407629090215778
Fire_413,1,0.9998903274536133,4,0.5,0.407629090215778
Fire_150,1,0.9999072551727295,4,0.5,0.407629090215778
Fire_60,1,0.9997361302375793,4,0.5,0.407629090215778
Fire_382,1,0.9997493624687195,4,0.5,0.407629090215778
Fire_359,1,0.9996440410614014,4,0.5,0.407629090215778
Fire_145,1,0.9997774958610535,4,0.5,0.407629090215778
Fire_17,1,0.999840259552002,4,0.5,0.407629090215778
Fire_43,1,0.9998904466629028,4,0.5,0.407629090215778
Fire_244,1,0.9996769428253174,4,0.5,0.407629090215778
Fire_584,1,0.999738872051239,4,0.5,0.407629090215778
Fire_422,1,0.999964714050293,0,0.5,0.7109314216068015
Fire_437,1,0.9999709129333496,0,0.5,0.7109314216068015
Fire_14,1,0.9999700784683228,0,0.5,0.7109314216068015
Fire_619,1,0.9999629259109497,0,0.5,0.7109314216068015
Fire_481,1,0.999961256980896,0,0.5,0.7109314216068015
Fire_476,1,0.9999125003814697,0,0.5,0.7109314216068015
Fire_339,1,0.9999254941940308,0,0.5,0.7109314216068015
Fire_441,1,0.9999566078186035,0,0.5,0.7109314216068015
Fire_420,1,0.99996018409729,0,0.5,0.7109314216068015
Fire_524,1,0.9999402761459351,0,0.5,0.7109314216068015
Fire_195,1,0.9993663430213928,0,0.5,0.7109314216068015
Fire_162,1,0.9998635053634644,0,0.5,0.7109314216068015
Fire_176,1,0.9998629093170166,0,0.5,0.7109314216068015
Fire_115,1,0.9998874664306641,0,0.5,0.7109314216068015
Fire_240,1,0.9999477863311768,0,0.5,0.7109314216068015
Fire_427,1,0.9999629259109497,0,0.5,0.7109314216068015
Fire_548,1,0.9999599456787109,0,0.5,0.7109314216068015
Fire_242,1,0.9998917579650879,0,0.5,0.7109314216068015
Fire_511,1,0.999942421913147,0,0.5,0.7109314216068015
Fire_215,1,0.9996823072433472,4,0.5,0.407629090215778
Fire_316,1,0.999645471572876,4,0.5,0.407629090215778
Fire_94,1,0.9998340606689453,4,0.5,0.407629090215778
Fire_621,1,0.999846339225769,4,0.5,0.407629090215778
Fire_434,1,0.9994731545448303,4,0.5,0.407629090215778
Fire_573,1,0.9995909333229065,4,0.5,0.407629090215778
Fire_608,1,0.9987057447433472,4,0.5,0.407629090215778
Fire_120,1,0.9995193481445312,4,0.5,0.407629090215778
Fire_192,1,0.9997361302375793,4,0.5,0.407629090215778
Fire_310,1,0.9996311664581299,4,0.5,0.407629090215778
Fire_156,1,0.9998807907104492,4,0.5,0.407629090215778
Fire_528,1,0.9987118244171143,4,0.5,0.407629090215778
Fire_526,1,0.28263232111930847,4,0.5,0.407629090215778
