uid,y,score,fold,thr_default,thr_tuned,p_Fire,p_Normal,p_Smoke
Fire_394,1,0.9772919416427612,0,0.5,0.0134152770042419,0.97495335,0.02270807,0.0023385438
Fire_332,1,0.982745349407196,0,0.5,0.0134152770042419,0.98047364,0.017254641,0.0022716795
Fire_151,1,0.985039472579956,0,0.5,0.0134152770042419,0.98359793,0.014960555,0.0014415209
Fire_191,1,0.9852924346923828,0,0.5,0.0134152770042419,0.98396456,0.014707543,0.0013279291
Fire_278,1,0.9942051768302916,0,0.5,0.0134152770042419,0.99326354,0.0057948404,0.0009416261
Fire_322,1,0.9950881004333496,0,0.5,0.0134152770042419,0.99435496,0.0049119266,0.0007331224
Fire_533,1,0.9972299933433532,0,0.5,0.0134152770042419,0.9966408,0.0027699955,0.0005891637
Fire_458,1,0.9967349171638488,0,0.5,0.0134152770042419,0.99593025,0.0032651122,0.0008045357
Fire_194,1,0.998498797416687,0,0.5,0.0134152770042419,0.9980458,0.0015011776,0.00045301748
Fire_187,1,0.998920738697052,0,0.5,0.0134152770042419,0.99857044,0.0010792504,0.0003503096
Fire_105,1,0.9981634616851808,0,0.5,0.0134152770042419,0.9976095,0.0018365573,0.00055393256
Fire_269,1,0.9959267377853394,0,0.5,0.0134152770042419,0.9948096,0.0040732785,0.0011171182
Fire_77,1,0.996332824230194,0,0.5,0.0134152770042419,0.9953549,0.0036671541,0.0009779105
Fire_374,1,0.99482661485672,0,0.5,0.0134152770042419,0.9936986,0.0051733945,0.0011279377
Fire_600,1,0.9957677125930786,0,0.5,0.0134152770042419,0.99487877,0.004232283,0.00088892964
Fire_181,1,0.9973194003105164,0,0.5,0.0134152770042419,0.99657935,0.0026806267,0.0007399842
Fire_499,1,0.0822208523750305,2,0.5,0.008366584777832,0.07857652,0.91777915,0.0036443092
NoFire_40,0,0.0009227991104125,2,0.5,0.008366584777832,0.0005823501,0.9990772,0.0003403928
NoFire_116,0,0.0009236335754394,2,0.5,0.008366584777832,0.00058108894,0.99907637,0.00034255718
NoFire_89,0,0.0010563731193542,2,0.5,0.008366584777832,0.00055616954,0.9989436,0.00050020724
NoFire_45,0,0.0010589957237243,2,0.5,0.008366584777832,0.0006392581,0.998941,0.00041970637
NoFire_84,0,0.001845896244049,2,0.5,0.008366584777832,0.0013029381,0.9981541,0.00054290483
NoFire_28,0,0.001415729522705,2,0.5,0.008366584777832,0.0007355396,0.9985843,0.0006801559
NoFire_43,0,0.0010728240013122,2,0.5,0.008366584777832,0.0007095641,0.9989272,0.00036323286
NoFire_90,0,0.0010842084884643,2,0.5,0.008366584777832,0.00064027676,0.9989158,0.00044388993
NoFire_34,0,0.002189815044403,2,0.5,0.008366584777832,0.0012161705,0.9978102,0.0009736396
NoFire_69,0,0.0017604827880859,2,0.5,0.008366584777832,0.001067131,0.9982395,0.000693358
NoFire_22,0,0.0015503168106079,2,0.5,0.008366584777832,0.0009392424,0.9984497,0.00061103975
NoFire_103,0,0.0015575289726257,2,0.5,0.008366584777832,0.00090501615,0.9984425,0.0006525235
NoFire_81,0,0.0019435286521911,2,0.5,0.008366584777832,0.0007797145,0.9980565,0.0011637928
NoFire_26,0,0.0011360645294189,2,0.5,0.008366584777832,0.00033074783,0.99886394,0.00080529205
NoFire_46,0,0.0007268786430358,2,0.5,0.008366584777832,0.0003180851,0.9992731,0.0004088247
NoFire_32,0,0.0022579431533813,2,0.5,0.008366584777832,0.0006720868,0.99774206,0.001585904
NoFire_75,0,0.0015713572502136,2,0.5,0.008366584777832,0.0005481233,0.99842864,0.0010232199
NoFire_60,0,0.0009536147117614,2,0.5,0.008366584777832,0.00043275874,0.9990464,0.0005208768
Fire_447,1,0.0030291080474853,2,0.5,0.008366584777832,0.002151951,0.9969709,0.000877103
Fire_89,1,0.0095941424369812,3,0.5,0.013324320316314649,0.007775987,0.99040586,0.0018180963
NoFire_85,0,0.0013418197631835,3,0.5,0.013324320316314649,0.0008418997,0.9986582,0.0004999476
Fire_28,1,0.0287910103797912,3,0.5,0.013324320316314649,0.02506701,0.971209,0.0037240204
Fire_91,1,0.0328424572944641,3,0.5,0.013324320316314649,0.029022774,0.96715754,0.0038197322
Fire_459,1,0.0317699313163757,3,0.5,0.013324320316314649,0.027501965,0.96823007,0.004267896
Fire_495,1,0.0173708200454711,3,0.5,0.013324320316314649,0.014823694,0.9826292,0.0025471812
Fire_146,1,0.0396373867988586,3,0.5,0.013324320316314649,0.03479263,0.9603626,0.0048447084
Fire_571,1,0.0225471258163452,3,0.5,0.013324320316314649,0.02007083,0.9774529,0.002476347
Fire_124,1,0.1719446778297424,3,0.5,0.013324320316314649,0.16560759,0.8280553,0.0063370275
Fire_468,1,0.7183793783187866,3,0.5,0.013324320316314649,0.7104911,0.28162065,0.007888186
Fire_302,1,0.4939516186714172,3,0.5,0.013324320316314649,0.48751563,0.5060484,0.0064359596
Fire_498,1,0.5868238210678101,3,0.5,0.013324320316314649,0.58103305,0.41317615,0.0057908087
Fire_6,1,0.182742953300476,3,0.5,0.013324320316314649,0.17575337,0.81725705,0.00698963
Fire_567,1,0.0242750644683837,3,0.5,0.013324320316314649,0.021456461,0.97572494,0.0028185325
Fire_335,1,0.0068321824073791,3,0.5,0.013324320316314649,0.005266715,0.9931678,0.0015654671
Fire_112,1,0.3301214575767517,3,0.5,0.013324320316314649,0.3254812,0.66987854,0.0046403077
Fire_556,1,0.2435035705566406,3,0.5,0.013324320316314649,0.23938881,0.7564964,0.004114783
Fire_203,1,0.0393850207328796,3,0.5,0.013324320316314649,0.036670007,0.960615,0.0027149464
Fire_449,1,0.0107244849205017,3,0.5,0.013324320316314649,0.009332386,0.9892755,0.0013921508
Fire_486,1,0.0137936472892761,3,0.5,0.013324320316314649,0.012113523,0.98620635,0.0016801552
Fire_337,1,0.0933299660682678,3,0.5,0.013324320316314649,0.08996006,0.90667003,0.0033699006
Fire_137,1,0.7454379200935364,3,0.5,0.013324320316314649,0.74190724,0.25456208,0.0035306758
Fire_30,1,0.7690361142158508,3,0.5,0.013324320316314649,0.76508224,0.2309639,0.003953908
Fire_247,1,0.3986638784408569,3,0.5,0.013324320316314649,0.39389265,0.6013361,0.004771195
Fire_448,1,0.8049796223640442,3,0.5,0.013324320316314649,0.8013561,0.19502039,0.0036236425
Fire_569,1,0.5082831382751465,3,0.5,0.013324320316314649,0.50296843,0.4917169,0.005314635
Fire_348,1,0.3162950277328491,3,0.5,0.013324320316314649,0.3112235,0.683705,0.005071511
Fire_544,1,0.4221454858779907,3,0.5,0.013324320316314649,0.41649005,0.5778545,0.005655467
Fire_593,1,0.1681927442550659,3,0.5,0.013324320316314649,0.16276255,0.83180726,0.0054301457
Fire_258,1,0.2790905237197876,3,0.5,0.013324320316314649,0.27155307,0.7209095,0.0075374707
Fire_418,1,0.3417712450027466,3,0.5,0.013324320316314649,0.3342811,0.65822875,0.0074902293
Fire_200,1,0.5507886409759521,3,0.5,0.013324320316314649,0.544264,0.44921133,0.006524637
Fire_446,1,0.6675160527229309,3,0.5,0.013324320316314649,0.6629807,0.33248395,0.004535397
NoFire_97,0,0.0008467435836791,3,0.5,0.013324320316314649,0.00044484777,0.99915326,0.000401953
NoFire_8,0,0.0013473033905029,3,0.5,0.013324320316314649,0.0007383387,0.9986527,0.00060888723
Fire_334,1,0.836076557636261,3,0.5,0.013324320316314649,0.83098817,0.16392343,0.0050883926
NoFire_30,0,0.0040410161018371,3,0.5,0.013324320316314649,0.003275672,0.995959,0.00076536305
NoFire_49,0,0.0055983662605285,3,0.5,0.013324320316314649,0.004722052,0.99440163,0.00087629724
NoFire_20,0,0.0032578110694885,3,0.5,0.013324320316314649,0.0026452718,0.9967422,0.00061252597
NoFire_9,0,0.0021039247512817,3,0.5,0.013324320316314649,0.0017334245,0.9978961,0.00037042264
NoFire_83,0,0.0018747448921203,3,0.5,0.013324320316314649,0.0014040514,0.99812526,0.00047063507
NoFire_35,0,0.00153249502182,3,0.5,0.013324320316314649,0.0010341385,0.9984675,0.0004982767
NoFire_74,0,0.0018984675407409,3,0.5,0.013324320316314649,0.0014842396,0.99810153,0.0004142521
NoFire_51,0,0.0030280351638793,3,0.5,0.013324320316314649,0.0023766526,0.99697196,0.0006513746
NoFire_111,0,0.0036999583244323,3,0.5,0.013324320316314649,0.0030480875,0.99630004,0.00065184565
NoFire_38,0,0.0019038319587707,3,0.5,0.013324320316314649,0.0012738499,0.99809617,0.0006300255
NoFire_61,0,0.0019134283065795,3,0.5,0.013324320316314649,0.0014443373,0.9980866,0.00046915392
NoFire_55,0,0.0016959905624389,3,0.5,0.013324320316314649,0.0010102856,0.998304,0.0006857439
NoFire_70,0,0.0016412138938903,3,0.5,0.013324320316314649,0.0011411106,0.9983588,0.0005000778
Fire_157,1,0.0028708577156066,3,0.5,0.013324320316314649,0.0022843892,0.99712914,0.00058645563
Fire_353,1,0.0057402849197387,3,0.5,0.013324320316314649,0.004674244,0.9942597,0.0010660279
Fire_517,1,0.0127744078636169,3,0.5,0.013324320316314649,0.010831902,0.9872256,0.0019425004
Fire_575,1,0.0689669251441955,3,0.5,0.013324320316314649,0.06527197,0.9310331,0.0036949725
Fire_253,1,0.3139973878860473,3,0.5,0.013324320316314649,0.30708644,0.6860026,0.0069109523
Fire_113,1,0.285654604434967,3,0.5,0.013324320316314649,0.28128478,0.7143454,0.004369776
Fire_562,1,0.1839220523834228,3,0.5,0.013324320316314649,0.17953052,0.81607795,0.0043915138
Fire_421,1,0.1902359724044799,3,0.5,0.013324320316314649,0.18585883,0.809764,0.0043771854
Fire_160,1,0.0982186794281005,3,0.5,0.013324320316314649,0.09478591,0.9017813,0.003432746
Fire_595,1,0.2313593626022339,3,0.5,0.013324320316314649,0.22656333,0.76864064,0.0047960663
Fire_613,1,0.1174170970916748,3,0.5,0.013324320316314649,0.113815665,0.8825829,0.003601458
Fire_10,1,0.3120383620262146,3,0.5,0.013324320316314649,0.3078389,0.68796164,0.0041995053
Fire_461,1,0.0200343132019042,3,0.5,0.013324320316314649,0.018971385,0.9799657,0.0010629547
Fire_538,1,0.0212630033493042,3,0.5,0.013324320316314649,0.019949885,0.978737,0.001313166
Fire_604,1,0.1774408221244812,3,0.5,0.013324320316314649,0.17417482,0.8225592,0.003266044
Fire_70,1,0.2421467304229736,3,0.5,0.013324320316314649,0.2377609,0.75785327,0.0043858336
Fire_564,1,0.3137927055358886,3,0.5,0.013324320316314649,0.30751,0.6862073,0.0062827603
Fire_34,1,0.4177970886230469,3,0.5,0.013324320316314649,0.41200277,0.5822029,0.005794345
Fire_251,1,0.1817850470542907,3,0.5,0.013324320316314649,0.17544976,0.81821495,0.006335281
Fire_510,1,0.3280236721038818,3,0.5,0.013324320316314649,0.31979457,0.6719763,0.008229081
Fire_450,1,0.282417356967926,3,0.5,0.013324320316314649,0.27529576,0.71758264,0.0071216063
Fire_477,1,0.0597834587097168,3,0.5,0.013324320316314649,0.054545566,0.94021654,0.0052379384
Fire_614,1,0.0241105556488037,3,0.5,0.013324320316314649,0.02159624,0.97588944,0.0025143411
Fire_138,1,0.0039906501770019,3,0.5,0.013324320316314649,0.0031445085,0.99600935,0.00084609364
Fire_121,1,0.0087543129920959,0,0.5,0.0134152770042419,0.007085647,0.9912457,0.0016686816
Fire_287,1,0.0053725838661193,0,0.5,0.0134152770042419,0.0043647317,0.9946274,0.0010078307
Fire_408,1,0.0145043730735778,0,0.5,0.0134152770042419,0.011895273,0.9854956,0.0026090615
Fire_143,1,0.0034149885177612,0,0.5,0.0134152770042419,0.0024930954,0.996585,0.0009218856
Fire_21,1,0.0056437849998474,0,0.5,0.0134152770042419,0.0045404797,0.9943562,0.001103262
Fire_313,1,0.0015825033187866,0,0.5,0.0134152770042419,0.0011732038,0.9984175,0.00040927186
NoFire_112,0,0.0016477108001708,0,0.5,0.0134152770042419,0.0010695339,0.9983523,0.00057824457
NoFire_86,0,0.0015159249305725,0,0.5,0.0134152770042419,0.000976668,0.9984841,0.00053933024
NoFire_48,0,0.0016399025917053,0,0.5,0.0134152770042419,0.0010438998,0.9983601,0.0005960403
NoFire_68,0,0.0013355016708374,0,0.5,0.0134152770042419,0.0007627607,0.9986645,0.00057278515
NoFire_17,0,0.0008850693702697,0,0.5,0.0134152770042419,0.0005382129,0.99911493,0.00034690084
NoFire_24,0,0.0008671879768371,0,0.5,0.0134152770042419,0.0005148367,0.9991328,0.00035240382
NoFire_62,0,0.000997245311737,0,0.5,0.0134152770042419,0.0006655133,0.99900275,0.0003317871
NoFire_36,0,0.0011809468269348,0,0.5,0.0134152770042419,0.00074656314,0.99881905,0.00043431946
NoFire_14,0,0.0013365745544433,0,0.5,0.0134152770042419,0.0007927965,0.9986634,0.0005438036
NoFire_12,0,0.0019662976264953,0,0.5,0.0134152770042419,0.00093137653,0.9980337,0.0010349652
NoFire_59,0,0.0012750029563903,0,0.5,0.0134152770042419,0.0005925299,0.998725,0.0006825137
NoFire_101,0,0.0016074776649475,0,0.5,0.0134152770042419,0.0010031689,0.9983925,0.00060431496
NoFire_50,0,0.0018665194511413,0,0.5,0.0134152770042419,0.0015478563,0.9981335,0.00031863933
NoFire_13,0,0.0016494989395141,0,0.5,0.0134152770042419,0.0012864448,0.9983505,0.0003631286
NoFire_1,0,0.0021688342094421,0,0.5,0.0134152770042419,0.0015640607,0.99783117,0.0006047265
NoFire_95,0,0.0021494626998901,0,0.5,0.0134152770042419,0.0015368148,0.99785054,0.0006126093
NoFire_77,0,0.0023190975189208,0,0.5,0.0134152770042419,0.0016976917,0.9976809,0.0006213853
NoFire_110,0,0.0021986365318298,0,0.5,0.0134152770042419,0.0016416459,0.99780136,0.0005569433
NoFire_67,0,0.0050298571586608,0,0.5,0.0134152770042419,0.0045588906,0.99497014,0.0004710343
NoFire_39,0,0.0113689303398132,0,0.5,0.0134152770042419,0.009187571,0.98863107,0.002181349
NoFire_16,0,0.0128389596939086,0,0.5,0.0134152770042419,0.0108392425,0.98716104,0.001999737
NoFire_37,0,0.00225830078125,0,0.5,0.0134152770042419,0.0020083177,0.9977417,0.0002499668
NoFire_44,0,0.0035297870635986,0,0.5,0.0134152770042419,0.0030170102,0.9964702,0.00051274715
NoFire_104,0,0.0016897916793823,0,0.5,0.0134152770042419,0.001310813,0.9983102,0.0003789346
NoFire_63,0,0.0005313754081726,0,0.5,0.0134152770042419,0.00038701764,0.9994686,0.00014442518
NoFire_29,0,0.0009206533432006,0,0.5,0.0134152770042419,0.00056985486,0.99907935,0.000350814
NoFire_92,0,0.0040167570114135,0,0.5,0.0134152770042419,0.0035173444,0.99598324,0.0004994322
NoFire_56,0,0.0032384991645812,0,0.5,0.0134152770042419,0.0018376413,0.9967615,0.0014008379
Fire_531,1,0.003483772277832,0,0.5,0.0134152770042419,0.002885273,0.9965162,0.00059849134
NoFire_73,0,0.0038012862205505,0,0.5,0.0134152770042419,0.003499605,0.9961987,0.00030161475
NoFire_94,0,0.0064062476158142,0,0.5,0.0134152770042419,0.00553034,0.99359375,0.0008759411
NoFire_66,0,0.0037491917610168,4,0.5,0.0082808136940002,0.0029618647,0.9962508,0.0007873754
NoFire_18,0,0.0025439858436584,4,0.5,0.0082808136940002,0.0018809416,0.997456,0.0006630528
NoFire_6,0,0.0039073824882507,4,0.5,0.0082808136940002,0.003477575,0.9960926,0.0004297745
NoFire_54,0,0.0019088387489318,4,0.5,0.0082808136940002,0.0011561073,0.99809116,0.0007527412
NoFire_58,0,0.0011454820632934,4,0.5,0.0082808136940002,0.00050445145,0.9988545,0.00064098893
NoFire_3,0,0.0016860961914062,4,0.5,0.0082808136940002,0.0013548998,0.9983139,0.00033126757
NoFire_114,0,0.0046295523643493,4,0.5,0.0082808136940002,0.0039614914,0.99537045,0.00066799344
NoFire_102,0,0.0012048482894897,4,0.5,0.0082808136940002,0.00086606876,0.99879515,0.00033873203
NoFire_4,0,0.0042613744735717,4,0.5,0.0082808136940002,0.0039606025,0.9957386,0.00030073372
NoFire_80,0,0.0014048218727111,4,0.5,0.0082808136940002,0.0011979531,0.9985952,0.00020687247
NoFire_11,0,0.001922607421875,4,0.5,0.0082808136940002,0.0016352208,0.9980774,0.00028740638
NoFire_106,0,0.0012239813804626,4,0.5,0.0082808136940002,0.0008296857,0.998776,0.0003942817
NoFire_79,0,0.0019920468330383,4,0.5,0.0082808136940002,0.001579861,0.99800795,0.00041222418
NoFire_10,0,0.001788854598999,4,0.5,0.0082808136940002,0.0014054282,0.99821115,0.00038342015
NoFire_47,0,0.0054795145988464,4,0.5,0.0082808136940002,0.005133494,0.9945205,0.0003461013
NoFire_96,0,0.010589063167572,4,0.5,0.0082808136940002,0.008281191,0.98941094,0.0023078457
NoFire_115,0,0.0009008646011352,4,0.5,0.0082808136940002,0.00074860436,0.99909914,0.00015229415
NoFire_82,0,0.006856083869934,4,0.5,0.0082808136940002,0.004585109,0.9931439,0.0022709442
NoFire_27,0,0.0079788565635681,4,0.5,0.0082808136940002,0.0064384965,0.99202114,0.0015403463
NoFire_76,0,0.0114624500274658,4,0.5,0.0082808136940002,0.009416163,0.98853755,0.0020463
NoFire_105,0,0.0051435232162475,1,0.5,0.00565838813781735,0.0041704797,0.9948565,0.00097298133
NoFire_99,0,0.0078073143959045,1,0.5,0.00565838813781735,0.006366854,0.9921927,0.0014404529
NoFire_53,0,0.0111636519432067,1,0.5,0.00565838813781735,0.0077005727,0.98883635,0.0034631155
NoFire_42,0,0.0130369067192077,1,0.5,0.00565838813781735,0.009526304,0.9869631,0.003510599
NoFire_108,0,0.0019744634628295,1,0.5,0.00565838813781735,0.0016516154,0.99802554,0.00032286352
NoFire_57,0,0.0171002745628356,1,0.5,0.00565838813781735,0.014034172,0.9828997,0.003066061
NoFire_88,0,0.0050116181373596,1,0.5,0.00565838813781735,0.0038222969,0.9949884,0.0011892596
NoFire_109,0,0.0060514211654663,1,0.5,0.00565838813781735,0.004642732,0.9939486,0.0014086987
NoFire_87,0,0.0026664733886718,1,0.5,0.00565838813781735,0.0024040448,0.9973335,0.000262401
NoFire_7,0,0.0045304298400878,1,0.5,0.00565838813781735,0.0041181264,0.99546957,0.00041230538
NoFire_2,0,0.0033591985702514,1,0.5,0.00565838813781735,0.0029138557,0.9966408,0.00044533462
NoFire_19,0,0.0020586848258972,1,0.5,0.00565838813781735,0.0017282538,0.9979413,0.00033036954
NoFire_33,0,0.0009690523147583,1,0.5,0.00565838813781735,0.0007730628,0.99903095,0.00019599735
NoFire_23,0,0.0050066113471984,1,0.5,0.00565838813781735,0.0046584066,0.9949934,0.00034818283
NoFire_98,0,0.0029941201210021,1,0.5,0.00565838813781735,0.0027886473,0.9970059,0.000205458
NoFire_71,0,0.0020382404327392,1,0.5,0.00565838813781735,0.0018971101,0.99796176,0.00014113514
NoFire_52,0,0.0027928948402404,1,0.5,0.00565838813781735,0.0023869239,0.9972071,0.00040598464
NoFire_21,0,0.0017611980438232,1,0.5,0.00565838813781735,0.001463045,0.9982388,0.0002981535
NoFire_107,0,0.0018281936645507,1,0.5,0.00565838813781735,0.0013341343,0.9981718,0.0004939947
NoFire_31,0,0.0034129619598388,1,0.5,0.00565838813781735,0.0021257773,0.99658704,0.0012872169
NoFire_113,0,0.0056056976318359,2,0.5,0.008366584777832,0.004840335,0.9943943,0.0007653677
NoFire_5,0,0.0115823149681091,2,0.5,0.008366584777832,0.009510661,0.9884177,0.0020716037
NoFire_100,0,0.0103064179420471,2,0.5,0.008366584777832,0.008540268,0.9896936,0.0017662175
NoFire_72,0,0.0097250938415527,2,0.5,0.008366584777832,0.007867463,0.9902749,0.0018576323
Fire_255,1,0.9948403239250184,4,0.5,0.0082808136940002,0.9940586,0.0051596486,0.0007817694
Fire_419,1,0.9924643635749816,4,0.5,0.0082808136940002,0.99152434,0.0075356127,0.0009400836
Fire_395,1,0.9941253066062928,4,0.5,0.0082808136940002,0.99317366,0.0058747036,0.00095162116
Fire_522,1,0.9893285036087036,4,0.5,0.0082808136940002,0.98780125,0.010671499,0.0015271376
Fire_190,1,0.9911733269691468,4,0.5,0.0082808136940002,0.9903194,0.008826646,0.0008539927
Fire_576,1,0.975510597229004,4,0.5,0.0082808136940002,0.9737613,0.024489416,0.0017492785
Fire_355,1,0.9735002517700196,4,0.5,0.0082808136940002,0.9708788,0.026499756,0.0026214363
Fire_234,1,0.960224986076355,4,0.5,0.0082808136940002,0.95649767,0.039774995,0.0037273273
Fire_294,1,0.8800742030143738,4,0.5,0.0082808136940002,0.8736378,0.1199258,0.006436366
Fire_493,1,0.8109690546989441,4,0.5,0.0082808136940002,0.80135745,0.18903095,0.009611654
Fire_370,1,0.8610283136367798,4,0.5,0.0082808136940002,0.852651,0.1389717,0.008377288
Fire_309,1,0.9834522008895874,4,0.5,0.0082808136940002,0.9810708,0.016547829,0.002381281
Fire_324,1,0.9808769822120668,4,0.5,0.0082808136940002,0.97858983,0.019122997,0.0022872256
Fire_277,1,0.9658761024475098,4,0.5,0.0082808136940002,0.9625445,0.034123927,0.0033315902
Fire_588,1,0.962022066116333,4,0.5,0.0082808136940002,0.9590183,0.03797792,0.0030036962
Fire_331,1,0.9025436639785768,4,0.5,0.0082808136940002,0.89787,0.09745631,0.004673644
Fire_104,1,0.9352137446403505,4,0.5,0.0082808136940002,0.9316352,0.06478626,0.003578552
Fire_474,1,0.9196879863739014,4,0.5,0.0082808136940002,0.9139034,0.08031202,0.0057846247
Fire_45,1,0.9381628632545472,4,0.5,0.0082808136940002,0.93264174,0.061837133,0.0055211103
Fire_502,1,0.9778172969818116,4,0.5,0.0082808136940002,0.97528106,0.022182709,0.002536211
Fire_264,1,0.9511529207229614,2,0.5,0.008366584777832,0.9458954,0.048847105,0.0052574757
Fire_210,1,0.929853081703186,2,0.5,0.008366584777832,0.9229869,0.0701469,0.006866196
Fire_326,1,0.9528884291648864,2,0.5,0.008366584777832,0.94752526,0.047111563,0.005363204
Fire_154,1,0.9822746515274048,2,0.5,0.008366584777832,0.97955716,0.017725354,0.0027175792
Fire_80,1,0.9905982613563538,2,0.5,0.008366584777832,0.9886983,0.009401756,0.0018999758
Fire_503,1,0.9842959046363832,2,0.5,0.008366584777832,0.9819041,0.015704114,0.002391857
Fire_229,1,0.9832056164741516,2,0.5,0.008366584777832,0.97847545,0.016794374,0.004730087
Fire_67,1,0.7828309535980225,2,0.5,0.008366584777832,0.76664686,0.21716905,0.016184056
Fire_501,1,0.8469377756118774,2,0.5,0.008366584777832,0.83316076,0.1530622,0.013777084
Fire_552,1,0.3298897743225097,2,0.5,0.008366584777832,0.23925191,0.6701102,0.090637885
Fire_248,1,0.0784085988998413,2,0.5,0.008366584777832,0.053866733,0.9215914,0.024541887
Fire_119,1,0.0189323425292968,2,0.5,0.008366584777832,0.013739157,0.98106766,0.0051931944
Fire_490,1,0.2682929635047912,2,0.5,0.008366584777832,0.25481734,0.73170704,0.013475641
Fire_452,1,0.9976091980934144,2,0.5,0.008366584777832,0.9967294,0.0023907947,0.00087988866
Fire_328,1,0.9943276047706604,2,0.5,0.008366584777832,0.99316555,0.0056724213,0.0011620121
Fire_546,1,0.9899815320968628,2,0.5,0.008366584777832,0.9885451,0.010018493,0.0014364499
Fire_520,1,0.8720734119415283,2,0.5,0.008366584777832,0.8678638,0.1279266,0.004209726
Fire_406,1,0.9251894354820251,2,0.5,0.008366584777832,0.9222363,0.07481054,0.0029531366
Fire_292,1,0.8652545809745789,2,0.5,0.008366584777832,0.8612539,0.1347454,0.004000599
Fire_341,1,0.9626142978668212,2,0.5,0.008366584777832,0.96067154,0.037385724,0.0019427624
Fire_33,1,0.8770774006843567,2,0.5,0.008366584777832,0.873818,0.12292261,0.003259412
Fire_68,1,0.9464158415794371,2,0.5,0.008366584777832,0.9437299,0.053584184,0.0026859692
Fire_29,1,0.8856191635131836,2,0.5,0.008366584777832,0.88044536,0.114380814,0.0051737437
Fire_579,1,0.898827075958252,2,0.5,0.008366584777832,0.8940193,0.101172954,0.0048077404
Fire_219,1,0.7619692087173462,2,0.5,0.008366584777832,0.7534139,0.2380308,0.008555205
Fire_416,1,0.90280020236969,2,0.5,0.008366584777832,0.8951985,0.097199805,0.0076017235
Fire_171,1,0.9399628639221193,2,0.5,0.008366584777832,0.9348407,0.06003715,0.0051221107
Fire_436,1,0.7857351303100586,2,0.5,0.008366584777832,0.77717876,0.2142649,0.00855634
Fire_478,1,0.7701171040534973,2,0.5,0.008366584777832,0.7608417,0.2298829,0.009275356
Fire_559,1,0.8923045992851257,2,0.5,0.008366584777832,0.8860929,0.10769541,0.0062116734
Fire_72,1,0.8973488807678223,2,0.5,0.008366584777832,0.8913308,0.1026511,0.006018187
Fire_364,1,0.7993625998497009,2,0.5,0.008366584777832,0.7917217,0.20063739,0.007640991
Fire_279,1,0.9495914578437804,2,0.5,0.008366584777832,0.94663286,0.05040852,0.0029586535
Fire_116,1,0.0954454541206359,2,0.5,0.008366584777832,0.089823194,0.90455455,0.0056222947
Fire_384,1,0.921560525894165,2,0.5,0.008366584777832,0.91668826,0.07843947,0.004872238
Fire_387,1,0.6167376041412354,1,0.5,0.00565838813781735,0.6081965,0.3832624,0.008541078
Fire_106,1,0.7510586977005005,1,0.5,0.00565838813781735,0.74420094,0.2489413,0.006857741
Fire_570,1,0.968321979045868,1,0.5,0.00565838813781735,0.96576947,0.03167804,0.0025524814
Fire_216,1,0.9783302545547484,1,0.5,0.00565838813781735,0.97671515,0.02166977,0.0016150895
Fire_12,1,0.9634761810302734,1,0.5,0.00565838813781735,0.96117646,0.03652383,0.002299757
Fire_433,1,0.9774826169013976,2,0.5,0.008366584777832,0.9758238,0.02251737,0.0016587935
Fire_551,1,0.988047182559967,2,0.5,0.008366584777832,0.9869445,0.011952836,0.0011026806
Fire_597,1,0.9776484966278076,2,0.5,0.008366584777832,0.97579443,0.022351498,0.0018540631
Fire_32,1,0.9897433519363404,2,0.5,0.008366584777832,0.9883271,0.010256649,0.0014162951
Fire_87,1,0.9866047501564026,2,0.5,0.008366584777832,0.9849472,0.013395274,0.0016575664
Fire_205,1,0.8889046311378479,2,0.5,0.008366584777832,0.8837648,0.11109537,0.005139874
Fire_123,1,0.7054434418678284,2,0.5,0.008366584777832,0.6948988,0.29455656,0.01054465
Fire_539,1,0.442004919052124,2,0.5,0.008366584777832,0.42884877,0.5579951,0.013156156
Fire_221,1,0.976826310157776,2,0.5,0.008366584777832,0.97362626,0.023173701,0.003200088
Fire_488,1,0.991766393184662,2,0.5,0.008366584777832,0.99040526,0.008233613,0.0013610743
Fire_581,1,0.9544475078582764,2,0.5,0.008366584777832,0.9498344,0.045552477,0.0046130973
Fire_49,1,0.9806984066963196,2,0.5,0.008366584777832,0.97820675,0.019301573,0.002491631
Fire_152,1,0.94804847240448,2,0.5,0.008366584777832,0.94387376,0.0519515,0.0041747997
Fire_175,1,0.9375472664833068,2,0.5,0.008366584777832,0.9329903,0.06245275,0.0045569465
Fire_61,1,0.8219994306564331,2,0.5,0.008366584777832,0.8128384,0.17800058,0.009161152
Fire_504,1,0.852095901966095,2,0.5,0.008366584777832,0.84391874,0.1479041,0.0081771
Fire_136,1,0.9120301604270936,2,0.5,0.008366584777832,0.9030225,0.08796984,0.009007648
Fire_513,1,0.8501824140548706,2,0.5,0.008366584777832,0.83389217,0.14981762,0.016290281
Fire_462,1,0.9714514017105104,2,0.5,0.008366584777832,0.96731055,0.028548598,0.0041408283
Fire_376,1,0.9381292462348938,2,0.5,0.008366584777832,0.9324424,0.06187075,0.0056868233
Fire_38,1,0.8740696310997009,1,0.5,0.00565838813781735,0.86611235,0.12593038,0.007957271
Fire_228,1,0.863531768321991,1,0.5,0.00565838813781735,0.8524593,0.13646825,0.01107238
Fire_385,1,0.9595047235488892,1,0.5,0.00565838813781735,0.9521424,0.040495254,0.0073622884
Fire_412,1,0.9225953221321106,1,0.5,0.00565838813781735,0.91635203,0.0774047,0.006243253
Fire_9,1,0.9376100301742554,1,0.5,0.00565838813781735,0.9331192,0.06239,0.0044908347
Fire_349,1,0.9774135947227478,1,0.5,0.00565838813781735,0.97428244,0.022586407,0.0031311132
Fire_227,1,0.8942158818244934,1,0.5,0.00565838813781735,0.86130077,0.1057841,0.032915067
Fire_457,1,0.9933717250823976,1,0.5,0.00565838813781735,0.9920338,0.006628273,0.0013380181
Fire_599,1,0.9973238110542296,1,0.5,0.00565838813781735,0.99670756,0.0026761945,0.0006162416
Fire_530,1,0.994532346725464,1,0.5,0.00565838813781735,0.9926831,0.005467646,0.0018492063
Fire_561,1,0.999087691307068,1,0.5,0.00565838813781735,0.99869835,0.0009123075,0.00038933454
Fire_295,1,0.9982385039329528,1,0.5,0.00565838813781735,0.99766624,0.0017614801,0.0005722906
Fire_596,1,0.9980705380439758,1,0.5,0.00565838813781735,0.9975573,0.0019294814,0.00051328377
Fire_536,1,0.9977988004684448,1,0.5,0.00565838813781735,0.99708456,0.002201191,0.00071421394
Fire_532,1,0.9985261559486388,1,0.5,0.00565838813781735,0.99811006,0.0014738509,0.00041609776
Fire_122,1,0.9981115460395812,1,0.5,0.00565838813781735,0.99772364,0.0018884391,0.00038789862
Fire_261,1,0.9973576664924622,1,0.5,0.00565838813781735,0.9968027,0.002642355,0.000554982
Fire_51,1,0.9839458465576172,1,0.5,0.00565838813781735,0.9815097,0.016054131,0.0024361676
Fire_220,1,0.9959313273429872,1,0.5,0.00565838813781735,0.99495655,0.0040686955,0.00097471155
Fire_178,1,0.9974282383918762,1,0.5,0.00565838813781735,0.99654096,0.002571785,0.0008871524
Fire_56,1,0.9931334257125854,1,0.5,0.00565838813781735,0.9918779,0.0068665575,0.001255497
Fire_415,1,0.9912875890731812,1,0.5,0.00565838813781735,0.98986477,0.00871243,0.0014228254
Fire_494,1,0.9793986678123474,1,0.5,0.00565838813781735,0.9764781,0.020601358,0.0029204355
Fire_117,1,0.9747060537338256,1,0.5,0.00565838813781735,0.9702735,0.025293933,0.0044325404
Fire_362,1,0.9886881709098816,1,0.5,0.00565838813781735,0.9868901,0.011311815,0.001798121
Fire_78,1,0.9734601378440856,1,0.5,0.00565838813781735,0.970998,0.026539875,0.002462186
Fire_610,1,0.9751256108283995,1,0.5,0.00565838813781735,0.9723557,0.024874365,0.002769824
Fire_403,1,0.9917749762535096,1,0.5,0.00565838813781735,0.99070835,0.008225049,0.0010666018
Fire_550,1,0.9951205849647522,1,0.5,0.00565838813781735,0.99420136,0.004879389,0.0009191698
Fire_424,1,0.9977511167526244,1,0.5,0.00565838813781735,0.9970361,0.002248909,0.00071500207
Fire_327,1,0.9974457621574402,1,0.5,0.00565838813781735,0.99679226,0.0025542579,0.00065348664
Fire_587,1,0.9974765181541444,1,0.5,0.00565838813781735,0.9968984,0.0025235086,0.00057806645
Fire_180,1,0.9971725344657898,1,0.5,0.00565838813781735,0.9964682,0.0028274665,0.0007042569
Fire_173,1,0.996997058391571,1,0.5,0.00565838813781735,0.9962643,0.003002918,0.00073281943
Fire_207,1,0.993376851081848,1,0.5,0.00565838813781735,0.9916604,0.0066231443,0.0017165012
Fire_74,1,0.9965152740478516,1,0.5,0.00565838813781735,0.9956052,0.0034847253,0.0009100498
Fire_185,1,0.996020495891571,1,0.5,0.00565838813781735,0.9951997,0.0039794943,0.00082080526
Fire_622,1,0.9874411821365356,1,0.5,0.00565838813781735,0.9857266,0.012558823,0.001714567
Fire_497,1,0.983598530292511,1,0.5,0.00565838813781735,0.9813269,0.016401473,0.002271551
Fire_601,1,0.991080105304718,1,0.5,0.00565838813781735,0.9887235,0.008919867,0.002356541
Fire_465,1,0.995832860469818,2,0.5,0.008366584777832,0.9934681,0.004167115,0.0023648525
Fire_212,1,0.9916604161262512,2,0.5,0.008366584777832,0.98449785,0.00833957,0.007162548
Fire_275,1,0.9760869145393372,2,0.5,0.008366584777832,0.9640861,0.023913112,0.012000762
Fire_273,1,0.9986767768859864,2,0.5,0.008366584777832,0.9981681,0.0013232339,0.0005087439
Fire_542,1,0.9983339905738832,2,0.5,0.008366584777832,0.99767214,0.0016660336,0.0006619037
Fire_31,1,0.9995566606521606,2,0.5,0.008366584777832,0.9992918,0.00044333996,0.0002648063
Fire_396,1,0.998782515525818,3,0.5,0.013324320316314649,0.99836606,0.0012174773,0.0004164143
Fire_566,1,0.99844229221344,3,0.5,0.013324320316314649,0.99793494,0.001557715,0.00050736085
Fire_110,1,0.975164234638214,3,0.5,0.013324320316314649,0.97293776,0.024835778,0.0022263727
Fire_256,1,0.9828543066978456,3,0.5,0.013324320316314649,0.98088455,0.017145721,0.00196968
Fire_315,1,0.9839315414428712,3,0.5,0.013324320316314649,0.98170966,0.016068475,0.002221917
Fire_428,1,0.9830672144889832,3,0.5,0.013324320316314649,0.98067194,0.01693278,0.0023952485
Fire_86,1,0.9873992204666138,3,0.5,0.013324320316314649,0.9851816,0.012600785,0.0022175615
Fire_75,1,0.976512610912323,3,0.5,0.013324320316314649,0.97357506,0.02348741,0.002937564
Fire_381,1,0.9216238260269164,3,0.5,0.013324320316314649,0.91455746,0.07837615,0.007066333
Fire_342,1,0.8801430463790894,3,0.5,0.013324320316314649,0.8744651,0.11985695,0.005678002
Fire_111,1,0.9762294292449952,3,0.5,0.013324320316314649,0.9717773,0.023770543,0.0044522043
Fire_184,1,0.9857263565063475,3,0.5,0.013324320316314649,0.981911,0.014273632,0.0038153639
Fire_391,1,0.9954973459243774,3,0.5,0.013324320316314649,0.99430156,0.0045026275,0.0011958748
Fire_66,1,0.99362313747406,3,0.5,0.013324320316314649,0.992421,0.006376842,0.0012021867
Fire_22,1,0.989563763141632,3,0.5,0.013324320316314649,0.9863646,0.010436244,0.0031990611
Fire_572,1,0.9909261465072632,3,0.5,0.013324320316314649,0.9876287,0.009073844,0.003297511
Fire_380,1,0.9930135011672974,3,0.5,0.013324320316314649,0.9908154,0.006986521,0.0021980794
Fire_131,1,0.9939466714859008,3,0.5,0.013324320316314649,0.9922117,0.0060533527,0.0017349183
Fire_257,1,0.9977142214775084,3,0.5,0.013324320316314649,0.99550503,0.0022857594,0.0022092164
Fire_222,1,0.9965200424194336,3,0.5,0.013324320316314649,0.9915965,0.003479968,0.004923586
Fire_358,1,0.9987086653709412,1,0.5,0.00565838813781735,0.997996,0.0012913444,0.0007127979
Fire_163,1,0.998676896095276,1,0.5,0.00565838813781735,0.9981293,0.0013231075,0.0005475596
Fire_541,1,0.9983065724372864,1,0.5,0.00565838813781735,0.9975331,0.0016934021,0.0007735884
Fire_344,1,0.99913227558136,1,0.5,0.00565838813781735,0.99877447,0.0008677383,0.00035775776
Fire_603,1,0.9986294507980348,1,0.5,0.00565838813781735,0.9982151,0.0013705269,0.00041449742
Fire_607,1,0.9981928467750548,1,0.5,0.00565838813781735,0.9973284,0.001807149,0.00086447824
Fire_463,1,0.9979521036148072,1,0.5,0.00565838813781735,0.99734527,0.002047918,0.0006067746
Fire_263,1,0.9962899684906006,1,0.5,0.00565838813781735,0.9954218,0.0037100364,0.0008680944
Fire_356,1,0.9948740601539612,1,0.5,0.00565838813781735,0.9933624,0.0051259203,0.0015115711
Fire_65,1,0.9967982769012452,1,0.5,0.00565838813781735,0.99568534,0.0032017212,0.0011129669
Fire_304,1,0.9910686612129213,1,0.5,0.00565838813781735,0.98904294,0.008931343,0.0020256476
Fire_1,1,0.9938926100730896,1,0.5,0.00565838813781735,0.99219877,0.006107407,0.0016938975
Fire_606,1,0.9862349033355712,1,0.5,0.00565838813781735,0.9835343,0.013765071,0.002700683
Fire_431,1,0.981113612651825,1,0.5,0.00565838813781735,0.9780005,0.018886408,0.0031131073
Fire_243,1,0.9956573843955994,3,0.5,0.013324320316314649,0.9949314,0.004342618,0.00072602887
Fire_340,1,0.9956429600715636,3,0.5,0.013324320316314649,0.9947832,0.0043570534,0.00085973076
Fire_282,1,0.9983909130096436,3,0.5,0.013324320316314649,0.9978403,0.0016090891,0.00055067334
Fire_464,1,0.9981451630592346,3,0.5,0.013324320316314649,0.99725986,0.0018548658,0.0008852678
Fire_404,1,0.994939386844635,3,0.5,0.013324320316314649,0.99350774,0.005060599,0.0014316303
Fire_46,1,0.9769994616508484,3,0.5,0.013324320316314649,0.97349757,0.023000522,0.0035019682
Fire_378,1,0.9976292252540588,3,0.5,0.013324320316314649,0.9968221,0.0023707647,0.00080715143
Fire_25,1,0.9946746826171876,3,0.5,0.013324320316314649,0.99361116,0.0053253323,0.0010635013
Fire_132,1,0.9836987257003784,3,0.5,0.013324320316314649,0.98204,0.0163013,0.0016587499
Fire_602,1,0.9790616631507874,3,0.5,0.013324320316314649,0.9772192,0.020938344,0.0018424499
Fire_169,1,0.9965264201164246,3,0.5,0.013324320316314649,0.9958656,0.0034735526,0.0006609374
Fire_298,1,0.9964652061462402,3,0.5,0.013324320316314649,0.99549085,0.0035347748,0.00097446097
Fire_512,1,0.9934529662132264,3,0.5,0.013324320316314649,0.9916401,0.0065470124,0.0018128786
Fire_445,1,0.9959960579872132,3,0.5,0.013324320316314649,0.99528545,0.0040039225,0.00071072305
Fire_545,1,0.9903709292411804,3,0.5,0.013324320316314649,0.9891745,0.00962909,0.0011964468
Fire_484,1,0.2102960348129272,3,0.5,0.013324320316314649,0.20503739,0.78970397,0.0052587013
NoFire_15,0,0.0019976496696472,3,0.5,0.013324320316314649,0.001504062,0.99800235,0.00049359276
NoFire_41,0,0.0024788975715637,3,0.5,0.013324320316314649,0.0018508611,0.9975211,0.0006280679
NoFire_65,0,0.0027737021446228,3,0.5,0.013324320316314649,0.001953971,0.9972263,0.0008197555
NoFire_91,0,0.0034327507019042,3,0.5,0.013324320316314649,0.0021531282,0.99656725,0.001279556
NoFire_93,0,0.0018588304519653,3,0.5,0.013324320316314649,0.0012958393,0.99814117,0.0005629803
NoFire_78,0,0.0023950338363647,3,0.5,0.013324320316314649,0.0018720324,0.99760497,0.0005229252
NoFire_25,0,0.0020509362220764,3,0.5,0.013324320316314649,0.0015663623,0.99794906,0.00048455317
NoFire_64,0,0.0014001727104187,3,0.5,0.013324320316314649,0.0010834164,0.9985998,0.00031679764
Fire_289,1,0.9309085607528688,1,0.5,0.00565838813781735,0.9265149,0.06909145,0.004393613
Fire_435,1,0.8803182244300842,1,0.5,0.00565838813781735,0.87496626,0.11968179,0.005351926
Fire_206,1,0.9474200010299684,1,0.5,0.00565838813781735,0.9437787,0.05257998,0.0036413332
Fire_409,1,0.955169916152954,1,0.5,0.00565838813781735,0.95211786,0.04483006,0.0030520856
Fire_453,1,0.9017067551612854,1,0.5,0.00565838813781735,0.8982891,0.09829323,0.0034177261
Fire_617,1,0.6386511325836182,1,0.5,0.00565838813781735,0.62663704,0.3613489,0.01201414
Fire_20,1,0.6811003684997559,1,0.5,0.00565838813781735,0.6727775,0.31889966,0.00832291
Fire_354,1,0.6368101835250854,1,0.5,0.00565838813781735,0.6271783,0.3631898,0.009631905
Fire_280,1,0.562677264213562,1,0.5,0.00565838813781735,0.5483637,0.43732277,0.014313492
Fire_8,1,0.5374084711074829,1,0.5,0.00565838813781735,0.50928926,0.46259156,0.028119188
Fire_223,1,0.4353169798851013,1,0.5,0.00565838813781735,0.4100157,0.564683,0.025301293
Fire_397,1,0.5816532373428345,1,0.5,0.00565838813781735,0.5695158,0.41834673,0.012137372
Fire_23,1,0.960873246192932,1,0.5,0.00565838813781735,0.95107543,0.039126743,0.009797838
Fire_55,1,0.902129054069519,1,0.5,0.00565838813781735,0.8919479,0.097870916,0.010181178
Fire_442,1,0.671540379524231,1,0.5,0.00565838813781735,0.65865004,0.32845965,0.012890243
Fire_537,1,0.3120413422584533,1,0.5,0.00565838813781735,0.29329628,0.68795866,0.018745087
Fire_232,1,0.2464542388916015,4,0.5,0.0082808136940002,0.23626958,0.75354576,0.010184628
Fire_470,1,0.9186325073242188,0,0.5,0.0134152770042419,0.91441077,0.08136747,0.004221675
Fire_201,1,0.9559738636016846,0,0.5,0.0134152770042419,0.9529894,0.044026125,0.002984567
Fire_321,1,0.9497784376144408,0,0.5,0.0134152770042419,0.9460134,0.05022158,0.0037650955
Fire_372,1,0.955958366394043,0,0.5,0.0134152770042419,0.951511,0.044041626,0.0044473466
Fire_589,1,0.9727051258087158,0,0.5,0.0134152770042419,0.9698167,0.027294844,0.002888436
Fire_540,1,0.9523552060127258,0,0.5,0.0134152770042419,0.94814503,0.04764477,0.0042101815
Fire_47,1,0.9292688369750975,0,0.5,0.0134152770042419,0.92334616,0.07073116,0.0059227585
Fire_306,1,0.8925913572311401,0,0.5,0.0134152770042419,0.885922,0.10740867,0.0066693267
Fire_616,1,0.9150708317756652,0,0.5,0.0134152770042419,0.9104103,0.08492916,0.0046605803
Fire_130,1,0.9158923625946044,0,0.5,0.0134152770042419,0.90836203,0.08410764,0.0075303987
Fire_469,1,0.9682695269584656,0,0.5,0.0134152770042419,0.9644783,0.031730488,0.0037911336
Fire_585,1,0.838992178440094,0,0.5,0.0134152770042419,0.8268755,0.1610078,0.012116692
Fire_357,1,0.7282405495643616,0,0.5,0.0134152770042419,0.71105665,0.27175945,0.017183866
Fire_27,1,0.8607668876647949,0,0.5,0.0134152770042419,0.8414498,0.13923313,0.01931718
Fire_83,1,0.971316397190094,0,0.5,0.0134152770042419,0.95863223,0.028683614,0.012684102
Fire_521,1,0.9957711696624756,0,0.5,0.0134152770042419,0.9930397,0.0042288513,0.0027313605
Fire_351,1,0.998601257801056,0,0.5,0.0134152770042419,0.99755895,0.0013987642,0.0010423093
Fire_18,1,0.9975016713142396,0,0.5,0.0134152770042419,0.9964743,0.0024983066,0.0010273585
Fire_139,1,0.9993902444839478,0,0.5,0.0134152770042419,0.99909365,0.0006097752,0.00029654693
Fire_392,1,0.9972180724143982,0,0.5,0.0134152770042419,0.9958691,0.002781949,0.0013489902
Fire_225,1,0.9943633675575256,4,0.5,0.0082808136940002,0.9900333,0.0056366194,0.004330117
Fire_128,1,0.9983888268470764,4,0.5,0.0082808136940002,0.99521106,0.001611146,0.0031778987
Fire_260,1,0.9971999526023864,4,0.5,0.0082808136940002,0.9909938,0.0028000392,0.0062061693
Fire_554,1,0.9873760938644408,4,0.5,0.0082808136940002,0.98483825,0.012623932,0.002537774
Fire_336,1,0.8516455888748169,4,0.5,0.0082808136940002,0.8454246,0.14835438,0.0062209656
Fire_52,1,0.219919741153717,4,0.5,0.0082808136940002,0.20775473,0.78008026,0.012164971
Fire_615,1,0.8728886842727661,4,0.5,0.0082808136940002,0.8619581,0.12711135,0.010930594
Fire_523,1,0.9461873173713684,4,0.5,0.0082808136940002,0.93942356,0.0538127,0.006763685
Fire_558,1,0.971975803375244,4,0.5,0.0082808136940002,0.96889424,0.028024215,0.0030815261
Fire_109,1,0.9877324104309082,4,0.5,0.0082808136940002,0.9860081,0.012267588,0.0017242791
Fire_155,1,0.955851137638092,4,0.5,0.0082808136940002,0.9505817,0.04414888,0.0052694287
Fire_62,1,0.9516903758049012,4,0.5,0.0082808136940002,0.9465171,0.048309617,0.0051733037
Fire_438,1,0.9777117967605592,4,0.5,0.0082808136940002,0.9735907,0.022288203,0.0041210875
Fire_276,1,0.9926385879516602,4,0.5,0.0082808136940002,0.9901794,0.007361435,0.0024590695
Fire_96,1,0.9835731983184814,4,0.5,0.0082808136940002,0.9810745,0.016426796,0.0024987198
Fire_399,1,0.982979416847229,4,0.5,0.0082808136940002,0.98035747,0.01702059,0.0026219503
Fire_439,1,0.9873084425926208,4,0.5,0.0082808136940002,0.9853367,0.012691539,0.0019716583
Fire_133,1,0.9802230596542358,4,0.5,0.0082808136940002,0.9773471,0.019776944,0.0028760103
Fire_535,1,0.9463114142417908,4,0.5,0.0082808136940002,0.94045097,0.05368858,0.005860456
Fire_555,1,0.8867908120155334,4,0.5,0.0082808136940002,0.8790843,0.1132092,0.0077064876
Fire_519,1,0.7738293409347534,4,0.5,0.0082808136940002,0.76501155,0.22617067,0.008817754
Fire_516,1,0.9703582525253296,4,0.5,0.0082808136940002,0.96766114,0.029641736,0.0026971288
Fire_414,1,0.9551526308059692,4,0.5,0.0082808136940002,0.9519596,0.044847388,0.003193044
Fire_410,1,0.954667627811432,4,0.5,0.0082808136940002,0.9513135,0.045332383,0.003354247
Fire_142,1,0.9581312537193298,4,0.5,0.0082808136940002,0.9546068,0.04186875,0.003524444
Fire_158,1,0.9337202310562134,4,0.5,0.0082808136940002,0.92812604,0.06627978,0.005594274
Fire_609,1,0.98711895942688,4,0.5,0.0082808136940002,0.97728103,0.012881036,0.009837978
Fire_514,1,0.9896842241287231,4,0.5,0.0082808136940002,0.98430115,0.010315805,0.005383147
Fire_386,1,0.994856059551239,4,0.5,0.0082808136940002,0.9917514,0.005143941,0.003104687
Fire_291,1,0.9806337356567384,1,0.5,0.00565838813781735,0.9568961,0.019366248,0.023737628
Fire_127,1,0.9802152514457704,1,0.5,0.00565838813781735,0.96834856,0.019784728,0.011866746
Fire_560,1,0.9317439794540404,1,0.5,0.00565838813781735,0.83799565,0.06825604,0.09374828
Fire_179,1,0.9808805584907532,1,0.5,0.00565838813781735,0.9709942,0.01911944,0.0098863
Fire_97,1,0.9960823059082032,1,0.5,0.00565838813781735,0.9933002,0.003917719,0.002782106
Fire_53,1,0.7908150553703308,1,0.5,0.00565838813781735,0.77301383,0.20918496,0.01780117
Fire_166,1,0.9987810850143432,1,0.5,0.00565838813781735,0.99826354,0.0012189025,0.0005175506
Fire_365,1,0.996776521205902,1,0.5,0.00565838813781735,0.9948826,0.0032234776,0.0018938954
Fire_153,1,0.5603052377700806,1,0.5,0.00565838813781735,0.53533447,0.43969476,0.02497077
Fire_620,1,0.998430073261261,1,0.5,0.00565838813781735,0.997849,0.0015698995,0.0005811053
Fire_246,1,0.9704433679580688,1,0.5,0.00565838813781735,0.9668733,0.029556612,0.0035700218
Fire_460,1,0.9489036798477172,1,0.5,0.00565838813781735,0.94368625,0.051096324,0.005217473
Fire_388,1,0.9178024530410768,1,0.5,0.00565838813781735,0.89903307,0.082197554,0.018769301
Fire_405,1,0.8866534233093262,1,0.5,0.00565838813781735,0.8603559,0.11334658,0.026297554
Fire_590,1,0.8574129939079285,1,0.5,0.00565838813781735,0.8320733,0.14258702,0.025339745
Fire_11,1,0.7639759182929993,1,0.5,0.00565838813781735,0.7400514,0.23602407,0.023924565
Fire_126,1,0.9315035939216614,1,0.5,0.00565838813781735,0.9192152,0.06849639,0.012288428
Fire_557,1,0.933127462863922,1,0.5,0.00565838813781735,0.9247379,0.066872515,0.008389659
Fire_267,1,0.7745553851127625,1,0.5,0.00565838813781735,0.75986993,0.2254446,0.014685375
Fire_236,1,0.9734418392181396,1,0.5,0.00565838813781735,0.96684945,0.026558133,0.006592466
Fire_5,1,0.8644666075706482,4,0.5,0.0082808136940002,0.8512519,0.13553339,0.013214728
Fire_73,1,0.8462562561035156,4,0.5,0.0082808136940002,0.8357817,0.15374373,0.010474657
Fire_311,1,0.9755610823631288,4,0.5,0.0082808136940002,0.97295535,0.024438933,0.0026057644
Fire_456,1,0.8926936388015747,4,0.5,0.0082808136940002,0.88272256,0.10730637,0.00997106
Fire_4,1,0.9809355735778807,4,0.5,0.0082808136940002,0.9786072,0.019064412,0.0023283737
Fire_64,1,0.9891682863235474,4,0.5,0.0082808136940002,0.98687994,0.010831703,0.0022883385
Fire_296,1,0.9812682867050172,4,0.5,0.0082808136940002,0.9781174,0.018731738,0.0031507704
Fire_35,1,0.9798855185508728,4,0.5,0.0082808136940002,0.97655463,0.020114476,0.003330929
Fire_417,1,0.98838073015213,4,0.5,0.0082808136940002,0.9866622,0.011619299,0.0017185495
Fire_93,1,0.9907532334327698,4,0.5,0.0082808136940002,0.98873574,0.009246773,0.0020175711
Fire_39,1,0.9837754964828492,4,0.5,0.0082808136940002,0.98184294,0.01622453,0.001932531
Fire_343,1,0.987017035484314,4,0.5,0.0082808136940002,0.9844977,0.012982958,0.0025193226
Fire_182,1,0.9903166890144348,4,0.5,0.0082808136940002,0.9878413,0.009683315,0.0024754023
Fire_578,1,0.9925970435142516,4,0.5,0.0082808136940002,0.9900215,0.0074029523,0.0025755332
Fire_505,1,0.98657488822937,4,0.5,0.0082808136940002,0.9826089,0.013425101,0.0039660493
Fire_266,1,0.9948562383651732,4,0.5,0.0082808136940002,0.9924757,0.0051437644,0.0023805131
Fire_480,1,0.9958090782165528,4,0.5,0.0082808136940002,0.9934772,0.0041909385,0.0023318178
Fire_301,1,0.9990206956863404,4,0.5,0.0082808136940002,0.9980413,0.0009792887,0.0009794522
Fire_549,1,0.9521694183349608,4,0.5,0.0082808136940002,0.94321054,0.04783056,0.008958999
Fire_177,1,0.7761110663414001,4,0.5,0.0082808136940002,0.4593686,0.22388895,0.31674245
Fire_58,1,0.8400791883468628,2,0.5,0.008366584777832,0.64152426,0.15992078,0.19855498
Fire_84,1,0.8603904247283936,2,0.5,0.008366584777832,0.168177,0.13960959,0.6922134
Fire_577,1,0.9802699089050292,2,0.5,0.008366584777832,0.9680357,0.019730067,0.012234235
Fire_543,1,0.8643734455108643,2,0.5,0.008366584777832,0.83657134,0.13562655,0.02780211
Fire_482,1,0.9020669460296632,2,0.5,0.008366584777832,0.8858653,0.09793303,0.016201694
Fire_50,1,0.8958564400672913,2,0.5,0.008366584777832,0.88368076,0.104143575,0.012175707
Fire_48,1,0.7922608852386475,2,0.5,0.008366584777832,0.77806157,0.20773908,0.014199333
Fire_59,1,0.8030015230178833,2,0.5,0.008366584777832,0.79435,0.19699849,0.008651491
Fire_373,1,0.9173661470413208,2,0.5,0.008366584777832,0.911186,0.08263383,0.006180115
Fire_303,1,0.9599690437316896,2,0.5,0.008366584777832,0.9556616,0.040030945,0.0043074423
Fire_444,1,0.999145209789276,3,0.5,0.013324320316314649,0.9987054,0.0008548047,0.0004398339
Fire_183,1,0.9993849396705629,3,0.5,0.013324320316314649,0.99905246,0.00061504444,0.00033255253
Fire_63,1,0.9994333386421204,3,0.5,0.013324320316314649,0.9991053,0.0005666376,0.00032797534
Fire_245,1,0.9983373880386353,3,0.5,0.013324320316314649,0.99755496,0.0016626414,0.0007824773
Fire_42,1,0.9986976385116576,3,0.5,0.013324320316314649,0.99804497,0.0013023777,0.0006526343
Fire_314,1,0.9991939663887024,3,0.5,0.013324320316314649,0.99877495,0.00080603,0.00041892767
Fire_197,1,0.998975157737732,3,0.5,0.013324320316314649,0.99853003,0.0010248307,0.00044506302
Fire_368,1,0.9981584548950196,3,0.5,0.013324320316314649,0.9974861,0.001841537,0.0006722755
Fire_19,1,0.9988394975662231,3,0.5,0.013324320316314649,0.9984273,0.001160531,0.00041215125
Fire_274,1,0.9971331357955932,3,0.5,0.013324320316314649,0.9960077,0.0028668789,0.0011253562
Fire_103,1,0.9947489500045776,3,0.5,0.013324320316314649,0.99300414,0.0052510253,0.0017448445
Fire_568,1,0.9914160966873168,3,0.5,0.013324320316314649,0.98851305,0.008583896,0.0029029541
Fire_288,1,0.9952447414398192,3,0.5,0.013324320316314649,0.9937127,0.004755264,0.0015320892
Fire_24,1,0.9961482882499696,3,0.5,0.013324320316314649,0.9942497,0.0038516957,0.0018986176
Fire_333,1,0.9962672591209412,3,0.5,0.013324320316314649,0.994365,0.0037327167,0.0019022443
Fire_402,1,0.992600440979004,3,0.5,0.013324320316314649,0.9897266,0.0073995297,0.0028739015
Fire_305,1,0.9932770133018494,3,0.5,0.013324320316314649,0.99115795,0.006722964,0.0021191717
Fire_352,1,0.9961732625961304,3,0.5,0.013324320316314649,0.9943832,0.003826748,0.0017900654
Fire_455,1,0.9965398907661438,3,0.5,0.013324320316314649,0.9948172,0.0034601295,0.0017226083
Fire_249,1,0.9989248514175416,3,0.5,0.013324320316314649,0.99830437,0.0010751741,0.0006203813
Fire_259,1,0.9987568259239196,0,0.5,0.0134152770042419,0.9963147,0.001243163,0.0024421844
Fire_325,1,0.997955083847046,0,0.5,0.0134152770042419,0.99456984,0.00204493,0.0033851364
Fire_612,1,0.9900944232940674,0,0.5,0.0134152770042419,0.9864894,0.009905578,0.0036050247
Fire_591,1,0.9882678389549256,0,0.5,0.0134152770042419,0.9637895,0.011732158,0.024478318
Fire_37,1,0.9991676211357116,0,0.5,0.0134152770042419,0.9983871,0.0008323559,0.0007804974
Fire_525,1,0.9992475509643556,0,0.5,0.0134152770042419,0.99878234,0.0007524253,0.0004653195
Fire_323,1,0.9987388253211976,0,0.5,0.0134152770042419,0.9979505,0.0012611961,0.00078839797
Fire_393,1,0.9993365406990052,0,0.5,0.0134152770042419,0.9987476,0.0006634592,0.0005890038
Fire_515,1,0.99827778339386,0,0.5,0.0134152770042419,0.9973104,0.0017222407,0.0009674273
Fire_57,1,0.9981169104576112,0,0.5,0.0134152770042419,0.9973137,0.0018830834,0.00080325204
Fire_284,1,0.9971957206726074,0,0.5,0.0134152770042419,0.996262,0.0028042737,0.0009336928
Fire_508,1,0.9986826181411744,0,0.5,0.0134152770042419,0.99811316,0.0013174049,0.00056951697
Fire_196,1,0.9900431632995604,0,0.5,0.0134152770042419,0.98760545,0.009956855,0.0024376973
Fire_345,1,0.9917978048324584,0,0.5,0.0134152770042419,0.98991615,0.008202209,0.0018816406
Fire_164,1,0.995246648788452,0,0.5,0.0134152770042419,0.99378794,0.004753368,0.0014587265
Fire_479,1,0.9931622743606568,0,0.5,0.0134152770042419,0.9913326,0.0068377093,0.0018297437
Fire_125,1,0.997889280319214,0,0.5,0.0134152770042419,0.9970715,0.002110717,0.00081773964
Fire_586,1,0.997201442718506,0,0.5,0.0134152770042419,0.9963463,0.002798581,0.000855228
Fire_134,1,0.9967994093894958,0,0.5,0.0134152770042419,0.9958592,0.0032005692,0.0009401807
Fire_379,1,0.0103387832641601,0,0.5,0.0134152770042419,0.00149793,0.9896612,0.008840801
Fire_268,1,0.1712461709976196,0,0.5,0.0134152770042419,0.14886695,0.8287538,0.022379212
Fire_281,1,0.0506910681724548,0,0.5,0.0134152770042419,0.039764706,0.94930893,0.010926447
Fire_518,1,0.0571119785308837,0,0.5,0.0134152770042419,0.042762324,0.942888,0.014349613
Fire_507,1,0.2260502576828003,0,0.5,0.0134152770042419,0.07052767,0.77394974,0.15552261
Fire_189,1,0.0482276082038879,0,0.5,0.0134152770042419,0.028187709,0.9517724,0.020039866
Fire_211,1,0.0467853546142578,0,0.5,0.0134152770042419,0.023055451,0.95321465,0.023729917
Fire_466,1,0.0463595986366272,0,0.5,0.0134152770042419,0.03468868,0.9536404,0.011670944
Fire_430,1,0.0444253087043762,0,0.5,0.0134152770042419,0.033087175,0.9555747,0.011338114
Fire_330,1,0.0535571575164794,0,0.5,0.0134152770042419,0.042987756,0.94644284,0.010569339
Fire_529,1,0.0596738457679748,0,0.5,0.0134152770042419,0.04424813,0.94032615,0.015425736
Fire_432,1,0.0793633460998535,0,0.5,0.0134152770042419,0.06993182,0.92063665,0.009431514
Fire_285,1,0.0949324369430542,0,0.5,0.0134152770042419,0.08500912,0.90506756,0.00992332
Fire_213,1,0.6571811437606812,0,0.5,0.0134152770042419,0.6450481,0.34281883,0.012133038
Fire_218,1,0.8595920205116272,0,0.5,0.0134152770042419,0.84337175,0.14040798,0.016220214
Fire_202,1,0.9989913702011108,0,0.5,0.0134152770042419,0.9981688,0.0010086033,0.00082258665
Fire_36,1,0.1049548983573913,0,0.5,0.0134152770042419,0.08934819,0.8950451,0.015606693
Fire_270,1,0.8081693649291992,0,0.5,0.0134152770042419,0.7950705,0.19183065,0.013098806
Fire_472,1,0.9929012656211852,0,0.5,0.0134152770042419,0.9908943,0.0070987493,0.0020068814
Fire_467,1,0.8764823079109192,0,0.5,0.0134152770042419,0.84710926,0.1235177,0.029372998
Fire_534,1,0.033750832080841,0,0.5,0.0134152770042419,0.017842382,0.96624917,0.015908444
Fire_527,1,0.0136117339134216,0,0.5,0.0134152770042419,0.009219797,0.98638827,0.004391921
Fire_16,1,0.9466708898544312,2,0.5,0.008366584777832,0.9415429,0.053329132,0.005127958
Fire_161,1,0.9958394169807434,2,0.5,0.008366584777832,0.9950765,0.004160564,0.00076294976
Fire_475,1,0.999203324317932,2,0.5,0.008366584777832,0.9989366,0.0007966996,0.00026672598
Fire_193,1,0.9997640252113342,2,0.5,0.008366584777832,0.9996412,0.00023595332,0.00012291082
Fire_272,1,0.9604077935218812,2,0.5,0.008366584777832,0.958515,0.03959221,0.001892739
Fire_363,1,0.9784002304077148,2,0.5,0.008366584777832,0.9766815,0.021599755,0.0017187503
Fire_254,1,0.9991552829742432,2,0.5,0.008366584777832,0.9989348,0.0008447419,0.00022045635
Fire_149,1,0.9978289008140564,2,0.5,0.008366584777832,0.99683326,0.0021711153,0.000995743
Fire_300,1,0.9973240494728088,2,0.5,0.008366584777832,0.9964588,0.0026759312,0.00086525385
Fire_13,1,0.9976117610931396,2,0.5,0.008366584777832,0.99695516,0.0023882568,0.0006566175
Fire_429,1,0.996189534664154,2,0.5,0.008366584777832,0.9953034,0.003810484,0.00088617665
Fire_299,1,0.9956833720207214,2,0.5,0.008366584777832,0.9947783,0.0043166177,0.00090520666
Fire_170,1,0.997422456741333,2,0.5,0.008366584777832,0.9967714,0.0025775353,0.00065102126
Fire_241,1,0.9908965826034546,2,0.5,0.008366584777832,0.98974484,0.009103438,0.0011518205
Fire_580,1,0.9899531602859496,2,0.5,0.008366584777832,0.98820764,0.010046866,0.0017454848
Fire_2,1,0.9890318512916564,2,0.5,0.008366584777832,0.9872328,0.010968144,0.0017990653
Fire_90,1,0.4467065334320068,2,0.5,0.008366584777832,0.43589312,0.55329347,0.010813509
Fire_92,1,0.9874482154846193,2,0.5,0.008366584777832,0.9833053,0.012551814,0.004142842
Fire_401,1,0.9939576387405396,2,0.5,0.008366584777832,0.99186134,0.0060423836,0.00209629
Fire_198,1,0.9963192343711852,2,0.5,0.008366584777832,0.99444866,0.0036807568,0.0018705488
Fire_319,1,0.993628740310669,2,0.5,0.008366584777832,0.9912066,0.006371284,0.0024222308
Fire_235,1,0.9932518005371094,2,0.5,0.008366584777832,0.9908948,0.0067482125,0.0023571013
Fire_346,1,0.9990615844726562,2,0.5,0.008366584777832,0.9986628,0.00093842665,0.00039866552
Fire_99,1,0.998831868171692,2,0.5,0.008366584777832,0.9983909,0.001168137,0.00044098753
Fire_487,1,0.9981021881103516,2,0.5,0.008366584777832,0.99748874,0.0018978256,0.0006134426
Fire_140,1,0.9979756474494934,2,0.5,0.008366584777832,0.99733174,0.0020243789,0.0006439426
Fire_598,1,0.9986745119094848,2,0.5,0.008366584777832,0.99825317,0.0013254642,0.00042134937
Fire_423,1,0.99910706281662,2,0.5,0.008366584777832,0.9987338,0.0008929339,0.00037320808
Fire_369,1,0.998987317085266,2,0.5,0.008366584777832,0.9984479,0.0010126948,0.0005394133
Fire_592,1,0.9993427991867064,2,0.5,0.008366584777832,0.99889636,0.0006571737,0.00044647063
Fire_471,1,0.999205470085144,1,0.5,0.00565838813781735,0.99871624,0.0007945453,0.00048925244
Fire_440,1,0.9992684721946716,1,0.5,0.00565838813781735,0.9987079,0.0007315094,0.0005606303
Fire_226,1,0.9983983635902404,1,0.5,0.00565838813781735,0.99743396,0.0016016416,0.00096442836
Fire_118,1,0.998008906841278,1,0.5,0.00565838813781735,0.99707663,0.00199111,0.000932175
Fire_102,1,0.9984173774719238,1,0.5,0.00565838813781735,0.99751306,0.0015826267,0.0009042858
Fire_389,1,0.99485045671463,1,0.5,0.00565838813781735,0.99280965,0.0051495186,0.0020408581
Fire_230,1,0.9994063377380372,1,0.5,0.00565838813781735,0.9989767,0.0005936466,0.00042963625
Fire_265,1,0.9994544982910156,1,0.5,0.00565838813781735,0.99899787,0.00054550526,0.00045661707
Fire_168,1,0.9991633892059326,1,0.5,0.00565838813781735,0.9986268,0.0008365886,0.0005366507
Fire_209,1,0.9988285303115844,1,0.5,0.00565838813781735,0.99809545,0.0011714986,0.0007330281
Fire_451,1,0.9986100792884828,1,0.5,0.00565838813781735,0.99777263,0.0013899293,0.0008373678
Fire_611,1,0.996919572353363,1,0.5,0.00565838813781735,0.9955361,0.0030804349,0.0013835022
Fire_594,1,0.9986525774002076,1,0.5,0.00565838813781735,0.9979943,0.0013474091,0.00065828406
Fire_371,1,0.9973071217536926,1,0.5,0.00565838813781735,0.9965822,0.0026929064,0.00072496943
Fire_485,1,0.9948834180831908,1,0.5,0.00565838813781735,0.99393153,0.005116594,0.0009518806
Fire_100,1,0.9992977380752563,1,0.5,0.00565838813781735,0.9990127,0.0007022731,0.0002849458
Fire_367,1,0.9957339763641356,1,0.5,0.00565838813781735,0.99461114,0.0042660446,0.0011228777
Fire_347,1,0.9946993589401244,1,0.5,0.00565838813781735,0.993419,0.0053006504,0.0012802538
Fire_41,1,0.9976888298988342,1,0.5,0.00565838813781735,0.9969201,0.0023111938,0.00076867844
Fire_95,1,0.9981909990310668,1,0.5,0.00565838813781735,0.9976393,0.001809023,0.0005516698
Fire_108,1,0.9989461898803712,4,0.5,0.0082808136940002,0.99851006,0.0010537826,0.00043612707
Fire_366,1,0.9980834126472472,4,0.5,0.0082808136940002,0.9974521,0.0019165796,0.0006313097
Fire_318,1,0.9982649683952332,4,0.5,0.0082808136940002,0.9977986,0.001735023,0.00046627424
Fire_26,1,0.997296154499054,4,0.5,0.0082808136940002,0.9965418,0.0027038676,0.00075440854
Fire_489,1,0.9824246764183044,4,0.5,0.0082808136940002,0.9789281,0.017575352,0.0034965624
Fire_239,1,0.9952331781387328,4,0.5,0.0082808136940002,0.99418336,0.004766835,0.0010497629
Fire_233,1,0.9979827404022216,4,0.5,0.0082808136940002,0.9975223,0.0020172307,0.00046038034
Fire_101,1,0.9980307817459106,4,0.5,0.0082808136940002,0.99750453,0.001969201,0.00052632834
Fire_54,1,0.9983522891998292,4,0.5,0.0082808136940002,0.9978047,0.0016476884,0.0005476768
Fire_159,1,0.9980065226554872,4,0.5,0.0082808136940002,0.9974025,0.0019934897,0.0006040209
Fire_425,1,0.999255120754242,4,0.5,0.0082808136940002,0.9989221,0.00074489164,0.00033312172
Fire_44,1,0.9990379810333252,4,0.5,0.0082808136940002,0.99867153,0.00096203503,0.0003663839
Fire_426,1,0.998938262462616,4,0.5,0.0082808136940002,0.9984925,0.0010617219,0.00044571143
Fire_148,1,0.9985798597335817,4,0.5,0.0082808136940002,0.9981871,0.0014201149,0.00039281687
Fire_290,1,0.9986718893051147,4,0.5,0.0082808136940002,0.99828607,0.0013281258,0.00038581065
Fire_312,1,0.9986791014671326,4,0.5,0.0082808136940002,0.9982823,0.0013208856,0.0003968422
Fire_361,1,0.9982612729072572,4,0.5,0.0082808136940002,0.9977937,0.0017387166,0.00046759067
Fire_377,1,0.9987053871154784,4,0.5,0.0082808136940002,0.9983253,0.0012945923,0.00038012658
Fire_509,1,0.9984831213951112,4,0.5,0.0082808136940002,0.9979134,0.0015169034,0.000569643
Fire_250,1,0.9971325993537904,1,0.5,0.00565838813781735,0.9963397,0.0028674298,0.0007929529
Fire_398,1,0.9973729848861694,1,0.5,0.00565838813781735,0.99659085,0.0026270219,0.0007822256
Fire_174,1,0.9978935122489928,1,0.5,0.00565838813781735,0.99720746,0.0021064987,0.0006859987
Fire_360,1,0.9976732134819032,1,0.5,0.00565838813781735,0.9968485,0.0023267767,0.00082476105
Fire_582,1,0.9976360201835632,1,0.5,0.00565838813781735,0.99684805,0.0023640022,0.0007879733
Fire_329,1,0.9966894388198853,1,0.5,0.00565838813781735,0.99583936,0.0033105635,0.0008501119
Fire_79,1,0.9968533515930176,1,0.5,0.00565838813781735,0.9959786,0.0031466524,0.00087473885
Fire_252,1,0.9956340789794922,1,0.5,0.00565838813781735,0.9948232,0.004365947,0.00081082317
Fire_107,1,0.9767391681671144,2,0.5,0.008366584777832,0.97257644,0.02326083,0.0041626855
Fire_350,1,0.9725674986839294,2,0.5,0.008366584777832,0.9670611,0.027432516,0.005506381
Fire_7,1,0.8986760377883911,2,0.5,0.008366584777832,0.8849259,0.10132396,0.013750212
Fire_3,1,0.9794324636459352,2,0.5,0.008366584777832,0.97426116,0.02056753,0.005171282
Fire_40,1,0.9632011651992798,2,0.5,0.008366584777832,0.9540014,0.036798846,0.009199701
Fire_69,1,0.9589798450469972,2,0.5,0.008366584777832,0.9495381,0.041020162,0.009441689
Fire_286,1,0.9251922369003296,2,0.5,0.008366584777832,0.9140293,0.074807785,0.011162949
Fire_114,1,0.9906702637672424,2,0.5,0.008366584777832,0.988112,0.009329725,0.00255827
Fire_224,1,0.9969558715820312,2,0.5,0.008366584777832,0.9958413,0.0030441212,0.0011144833
Fire_563,1,0.996950626373291,2,0.5,0.008366584777832,0.99613535,0.0030494009,0.00081537507
Fire_71,1,0.9912569522857666,2,0.5,0.008366584777832,0.9890971,0.008743073,0.002159749
Fire_135,1,0.998308002948761,2,0.5,0.008366584777832,0.9978543,0.0016920067,0.00045368256
Fire_297,1,0.9929888248443604,2,0.5,0.008366584777832,0.9919966,0.007011156,0.0009922666
Fire_293,1,0.9964292645454408,2,0.5,0.008366584777832,0.9956232,0.003570712,0.00080611027
Fire_454,1,0.9960185289382936,2,0.5,0.008366584777832,0.99486107,0.003981469,0.001157431
Fire_15,1,0.9916589260101318,2,0.5,0.008366584777832,0.9903043,0.0083410945,0.0013546591
Fire_618,1,0.9906824231147766,2,0.5,0.008366584777832,0.9890409,0.00931756,0.0016415115
Fire_147,1,0.9985682368278505,2,0.5,0.008366584777832,0.998005,0.0014317522,0.00056332775
Fire_574,1,0.9795898795127868,4,0.5,0.0082808136940002,0.977508,0.0204101,0.002081862
Fire_500,1,0.9849640130996704,4,0.5,0.0082808136940002,0.9801031,0.015035959,0.004861037
Fire_338,1,0.93235045671463,4,0.5,0.0082808136940002,0.92459816,0.067649536,0.0077524185
Fire_483,1,0.9955567717552184,0,0.5,0.0134152770042419,0.99412894,0.004443209,0.0014279295
Fire_400,1,0.9700119495391846,0,0.5,0.0134152770042419,0.96732116,0.02998806,0.0026908817
Fire_307,1,0.987762689590454,0,0.5,0.0134152770042419,0.98605853,0.012237331,0.00170403
Fire_506,1,0.992924690246582,0,0.5,0.0134152770042419,0.99166673,0.0070753046,0.0012579872
Fire_583,1,0.9961140751838684,0,0.5,0.0134152770042419,0.994831,0.0038859122,0.0012830447
Fire_208,1,0.998708963394165,0,0.5,0.0134152770042419,0.9982211,0.0012910113,0.0004878558
Fire_172,1,0.999755084514618,0,0.5,0.0134152770042419,0.99959594,0.0002449121,0.00015923062
Fire_186,1,0.9993242025375366,0,0.5,0.0134152770042419,0.999052,0.00067577447,0.0002722078
Fire_375,1,0.9975388050079346,0,0.5,0.0134152770042419,0.99636555,0.0024612213,0.0011731599
Fire_85,1,0.9930304884910583,0,0.5,0.0134152770042419,0.9882533,0.006969502,0.0047772764
Fire_231,1,0.9996026754379272,0,0.5,0.0134152770042419,0.9993843,0.00039732936,0.00021834054
Fire_82,1,0.996145248413086,0,0.5,0.0134152770042419,0.9905371,0.003854754,0.0056081954
Fire_411,1,0.999241054058075,0,0.5,0.0134152770042419,0.9983169,0.000758965,0.00092416996
Fire_565,1,0.9987189173698424,0,0.5,0.0134152770042419,0.997407,0.001281071,0.0013119009
Fire_199,1,0.9988070130348206,0,0.5,0.0134152770042419,0.9978452,0.0011929575,0.0009618621
Fire_144,1,0.9987151622772216,0,0.5,0.0134152770042419,0.997157,0.0012848524,0.0015581469
Fire_262,1,0.9986711144447328,0,0.5,0.0134152770042419,0.99743384,0.0013288944,0.0012373002
Fire_407,1,0.9995381832122804,0,0.5,0.0134152770042419,0.9989794,0.00046181015,0.0005587301
Fire_283,1,0.9981305599212646,0,0.5,0.0134152770042419,0.9931183,0.0018694195,0.0050123464
Fire_237,1,0.996185064315796,0,0.5,0.0134152770042419,0.9929404,0.0038149569,0.0032445954
Fire_492,1,0.9984667897224426,3,0.5,0.013324320316314649,0.9981762,0.0015332365,0.00029062782
Fire_317,1,0.9971651434898376,3,0.5,0.013324320316314649,0.9967362,0.0028348563,0.00042891252
Fire_605,1,0.992012858390808,3,0.5,0.013324320316314649,0.9910936,0.00798714,0.00091929483
Fire_76,1,0.9640085101127625,3,0.5,0.013324320316314649,0.96231216,0.035991468,0.0016963332
Fire_238,1,0.9984228610992432,3,0.5,0.013324320316314649,0.9978644,0.0015771111,0.0005585426
Fire_167,1,0.995835542678833,3,0.5,0.013324320316314649,0.994218,0.004164442,0.0016175176
Fire_141,1,0.9964701533317566,3,0.5,0.013324320316314649,0.99588937,0.0035298385,0.0005807727
Fire_547,1,0.966565191745758,3,0.5,0.013324320316314649,0.96356523,0.033434797,0.0029999083
Fire_496,1,0.9883531332015992,3,0.5,0.013324320316314649,0.9866823,0.011646838,0.0016709325
Fire_553,1,0.993257462978363,3,0.5,0.013324320316314649,0.99231166,0.0067425147,0.0009457084
Fire_320,1,0.6700941920280457,3,0.5,0.013324320316314649,0.6571648,0.3299058,0.0129294265
Fire_217,1,0.9776528477668762,3,0.5,0.013324320316314649,0.97530895,0.02234716,0.0023439548
Fire_129,1,0.9660779237747192,3,0.5,0.013324320316314649,0.9622164,0.03392207,0.0038615752
Fire_204,1,0.996356189250946,3,0.5,0.013324320316314649,0.99561346,0.0036437914,0.0007427711
Fire_214,1,0.9575966596603394,3,0.5,0.013324320316314649,0.9545642,0.04240337,0.0030324387
Fire_88,1,0.8808156251907349,3,0.5,0.013324320316314649,0.8702771,0.11918436,0.010538576
Fire_165,1,0.955803632736206,3,0.5,0.013324320316314649,0.9489161,0.044196345,0.0068875346
Fire_308,1,0.9050850868225098,3,0.5,0.013324320316314649,0.8958108,0.094914936,0.009274298
Fire_98,1,0.9475871324539183,3,0.5,0.013324320316314649,0.94062877,0.052412897,0.0069583235
Fire_443,1,0.9924225211143494,3,0.5,0.013324320316314649,0.99096245,0.0075775012,0.0014601509
Fire_271,1,0.98770672082901,4,0.5,0.0082808136940002,0.98368376,0.0122932745,0.004023021
Fire_188,1,0.0161967277526855,4,0.5,0.0082808136940002,0.0099930065,0.9838033,0.006203728
Fire_383,1,0.2207134962081909,4,0.5,0.0082808136940002,0.20766251,0.7792865,0.013050929
Fire_473,1,0.9970139861106871,4,0.5,0.0082808136940002,0.9958515,0.0029859934,0.0011624953
Fire_491,1,0.9989947080612184,4,0.5,0.0082808136940002,0.99858224,0.0010052823,0.00041244228
Fire_81,1,0.9816561341285706,4,0.5,0.0082808136940002,0.97930944,0.018343879,0.002346601
Fire_390,1,0.9988306760787964,4,0.5,0.0082808136940002,0.9983039,0.0011693091,0.00052675843
Fire_413,1,0.9969027042388916,4,0.5,0.0082808136940002,0.9961747,0.0030972916,0.0007280077
Fire_150,1,0.9913567900657654,4,0.5,0.0082808136940002,0.9830935,0.008643207,0.008263336
Fire_60,1,0.9967665076255798,4,0.5,0.0082808136940002,0.9956275,0.0032334854,0.0011388925
Fire_382,1,0.9981347322463988,4,0.5,0.0082808136940002,0.9975574,0.0018652569,0.0005773152
Fire_359,1,0.9978428483009338,4,0.5,0.0082808136940002,0.99730104,0.0021571787,0.00054182176
Fire_145,1,0.9864085912704468,4,0.5,0.0082808136940002,0.9303333,0.013591406,0.056075253
Fire_17,1,0.9905498027801514,4,0.5,0.0082808136940002,0.9193919,0.00945018,0.071157895
Fire_43,1,0.9995185732841492,4,0.5,0.0082808136940002,0.99901485,0.00048144933,0.00050367264
Fire_244,1,0.998814582824707,4,0.5,0.0082808136940002,0.9983376,0.00118541,0.00047698247
Fire_584,1,0.998801589012146,4,0.5,0.0082808136940002,0.9982279,0.001198387,0.00057364616
Fire_422,1,0.9992882609367372,0,0.5,0.0134152770042419,0.9981541,0.0007117357,0.001134042
Fire_437,1,0.9993306398391724,0,0.5,0.0134152770042419,0.9982356,0.00066933635,0.0010949753
Fire_14,1,0.9989076852798462,0,0.5,0.0134152770042419,0.99745744,0.0010923103,0.0014503096
Fire_619,1,0.9980915784835817,0,0.5,0.0134152770042419,0.99542737,0.0019084045,0.0026641914
Fire_481,1,0.9987003207206726,0,0.5,0.0134152770042419,0.99699306,0.0012996991,0.0017072
Fire_476,1,0.9988213181495668,0,0.5,0.0134152770042419,0.9982987,0.0011786678,0.00052270305
Fire_339,1,0.9979001879692078,0,0.5,0.0134152770042419,0.9955936,0.002099802,0.0023066704
Fire_441,1,0.9954983592033386,0,0.5,0.0134152770042419,0.991797,0.004501657,0.003701366
Fire_420,1,0.9961970448493958,0,0.5,0.0134152770042419,0.9915005,0.0038029307,0.004696568
Fire_524,1,0.9996610283851624,0,0.5,0.0134152770042419,0.99940276,0.00033899822,0.00025832703
Fire_195,1,0.9964221119880676,0,0.5,0.0134152770042419,0.99538887,0.0035778591,0.0010332703
Fire_162,1,0.9993960857391356,0,0.5,0.0134152770042419,0.9988538,0.0006039303,0.0005422352
Fire_176,1,0.9995274543762208,0,0.5,0.0134152770042419,0.999158,0.0004725169,0.00036947857
Fire_115,1,0.9935372471809388,0,0.5,0.0134152770042419,0.99032074,0.0064627295,0.003216545
Fire_240,1,0.9993250370025636,0,0.5,0.0134152770042419,0.9989801,0.0006749797,0.0003448587
Fire_427,1,0.9995446801185608,0,0.5,0.0134152770042419,0.99925333,0.0004553241,0.00029142518
Fire_548,1,0.9995094537734984,0,0.5,0.0134152770042419,0.9992248,0.00049052475,0.00028469905
Fire_242,1,0.9987923502922058,0,0.5,0.0134152770042419,0.9982968,0.0012076765,0.00049551035
Fire_511,1,0.9980011582374572,0,0.5,0.0134152770042419,0.9972785,0.0019988206,0.0007226997
Fire_215,1,0.9981302618980408,4,0.5,0.0082808136940002,0.99773324,0.0018697608,0.00039702698
Fire_316,1,0.9955140352249146,4,0.5,0.0082808136940002,0.9940865,0.004485937,0.0014275281
Fire_94,1,0.9962517619132996,4,0.5,0.0082808136940002,0.9951727,0.0037482353,0.0010791259
Fire_621,1,0.9950191974639891,4,0.5,0.0082808136940002,0.9938735,0.004980811,0.0011456602
Fire_434,1,0.9701131582260132,4,0.5,0.0082808136940002,0.9675881,0.029886844,0.0025250483
Fire_573,1,0.983255922794342,4,0.5,0.0082808136940002,0.9810141,0.01674406,0.0022418809
Fire_608,1,0.9218389987945556,4,0.5,0.0082808136940002,0.9145133,0.07816099,0.007325748
Fire_120,1,0.9539123773574828,4,0.5,0.0082808136940002,0.9488244,0.046087608,0.0050880155
Fire_192,1,0.9902132153511048,4,0.5,0.0082808136940002,0.986743,0.00978679,0.0034701135
Fire_310,1,0.9594742059707642,4,0.5,0.0082808136940002,0.9511594,0.04052577,0.008314821
Fire_156,1,0.9951364994049072,4,0.5,0.0082808136940002,0.9942316,0.0048635113,0.000904883
Fire_528,1,0.5735306143760681,4,0.5,0.0082808136940002,0.5661257,0.4264694,0.0074050096
Fire_526,1,0.0015355348587036,4,0.5,0.0082808136940002,0.0013090266,0.99846447,0.00022656813
