uid,y,score,fold,thr_default,thr_tuned,thr_alt80
Fire_394,1,187.42364501953125,0,150.0,145.95063591003418,80.0
Fire_332,1,187.42364501953125,0,150.0,145.95063591003418,80.0
Fire_151,1,187.42364501953125,0,150.0,145.95063591003418,80.0
Fire_191,1,187.42364501953125,0,150.0,145.95063591003418,80.0
Fire_278,1,187.42364501953125,0,150.0,145.95063591003418,80.0
Fire_322,1,187.42364501953125,0,150.0,145.95063591003418,80.0
Fire_533,1,187.42364501953125,0,150.0,145.95063591003418,80.0
Fire_458,1,187.42364501953125,0,150.0,145.95063591003418,80.0
Fire_194,1,187.42364501953125,0,150.0,145.95063591003418,80.0
Fire_187,1,187.42364501953125,0,150.0,145.95063591003418,80.0
Fire_105,1,187.42364501953125,0,150.0,145.95063591003418,80.0
Fire_269,1,187.42364501953125,0,150.0,145.95063591003418,80.0
Fire_77,1,187.42364501953125,0,150.0,145.95063591003418,80.0
Fire_374,1,187.42364501953125,0,150.0,145.95063591003418,80.0
Fire_600,1,187.42364501953125,0,150.0,145.95063591003418,80.0
Fire_181,1,187.42364501953125,0,150.0,145.95063591003418,80.0
Fire_499,1,187.42364501953125,2,150.0,131.76601791381836,80.0
NoFire_40,0,30.67376136779785,2,150.0,131.76601791381836,80.0
NoFire_116,0,30.836145401000977,2,150.0,131.76601791381836,80.0
NoFire_89,0,25.131189346313477,2,150.0,131.76601791381836,80.0
NoFire_45,0,26.604761123657227,2,150.0,131.76601791381836,80.0
NoFire_84,0,23.48845863342285,2,150.0,131.76601791381836,80.0
NoFire_28,0,27.82903480529785,2,150.0,131.76601791381836,80.0
NoFire_43,0,27.2581729888916,2,150.0,131.76601791381836,80.0
NoFire_90,0,26.9315128326416,2,150.0,131.76601791381836,80.0
NoFire_34,0,30.43071937561035,2,150.0,131.76601791381836,80.0
NoFire_69,0,24.3926944732666,2,150.0,131.76601791381836,80.0
NoFire_22,0,25.131189346313477,2,150.0,131.76601791381836,80.0
NoFire_103,0,26.604761123657227,2,150.0,131.76601791381836,80.0
NoFire_81,0,24.474817276000977,2,150.0,131.76601791381836,80.0
NoFire_26,0,34.870567321777344,2,150.0,131.76601791381836,80.0
NoFire_46,0,35.51329803466797,2,150.0,131.76601791381836,80.0
NoFire_32,0,27.013147354125977,2,150.0,131.76601791381836,80.0
NoFire_75,0,24.146265029907227,2,150.0,131.76601791381836,80.0
NoFire_60,0,25.70476722717285,2,150.0,131.76601791381836,80.0
Fire_447,1,187.42364501953125,2,150.0,131.76601791381836,80.0
Fire_89,1,187.42364501953125,3,150.0,112.77630043029785,80.0
NoFire_85,0,22.41753578186035,3,150.0,112.77630043029785,80.0
Fire_28,1,185.13510131835935,3,150.0,112.77630043029785,80.0
Fire_91,1,186.63720703125,3,150.0,112.77630043029785,80.0
Fire_459,1,187.42364501953125,3,150.0,112.77630043029785,80.0
Fire_495,1,186.9232177734375,3,150.0,112.77630043029785,80.0
Fire_146,1,186.78021240234375,3,150.0,112.77630043029785,80.0
Fire_571,1,187.42364501953125,3,150.0,112.77630043029785,80.0
Fire_124,1,187.42364501953125,3,150.0,112.77630043029785,80.0
Fire_468,1,187.42364501953125,3,150.0,112.77630043029785,80.0
Fire_302,1,187.42364501953125,3,150.0,112.77630043029785,80.0
Fire_498,1,187.42364501953125,3,150.0,112.77630043029785,80.0
Fire_6,1,187.42364501953125,3,150.0,112.77630043029785,80.0
Fire_567,1,187.42364501953125,3,150.0,112.77630043029785,80.0
Fire_335,1,187.42364501953125,3,150.0,112.77630043029785,80.0
Fire_112,1,187.42364501953125,3,150.0,112.77630043029785,80.0
Fire_556,1,187.42364501953125,3,150.0,112.77630043029785,80.0
Fire_203,1,187.42364501953125,3,150.0,112.77630043029785,80.0
Fire_449,1,187.42364501953125,3,150.0,112.77630043029785,80.0
Fire_486,1,187.42364501953125,3,150.0,112.77630043029785,80.0
Fire_337,1,187.42364501953125,3,150.0,112.77630043029785,80.0
Fire_137,1,187.42364501953125,3,150.0,112.77630043029785,80.0
Fire_30,1,187.42364501953125,3,150.0,112.77630043029785,80.0
Fire_247,1,187.42364501953125,3,150.0,112.77630043029785,80.0
Fire_448,1,187.42364501953125,3,150.0,112.77630043029785,80.0
Fire_569,1,187.42364501953125,3,150.0,112.77630043029785,80.0
Fire_348,1,187.42364501953125,3,150.0,112.77630043029785,80.0
Fire_544,1,187.42364501953125,3,150.0,112.77630043029785,80.0
Fire_593,1,187.42364501953125,3,150.0,112.77630043029785,80.0
Fire_258,1,187.42364501953125,3,150.0,112.77630043029785,80.0
Fire_418,1,187.42364501953125,3,150.0,112.77630043029785,80.0
Fire_200,1,187.3521728515625,3,150.0,112.77630043029785,80.0
Fire_446,1,187.3521728515625,3,150.0,112.77630043029785,80.0
NoFire_97,0,39.98906707763672,3,150.0,112.77630043029785,80.0
NoFire_8,0,39.112815856933594,3,150.0,112.77630043029785,80.0
Fire_334,1,186.3511657714844,3,150.0,112.77630043029785,80.0
NoFire_30,0,18.0242862701416,3,150.0,112.77630043029785,80.0
NoFire_49,0,18.0242862701416,3,150.0,112.77630043029785,80.0
NoFire_20,0,23.323938369750977,3,150.0,112.77630043029785,80.0
NoFire_9,0,22.005029678344727,3,150.0,112.77630043029785,80.0
NoFire_83,0,19.272180557250977,3,150.0,112.77630043029785,80.0
NoFire_35,0,29.456872940063477,3,150.0,112.77630043029785,80.0
NoFire_74,0,21.17864418029785,3,150.0,112.77630043029785,80.0
NoFire_51,0,20.35064125061035,3,150.0,112.77630043029785,80.0
NoFire_111,0,22.66497230529785,3,150.0,112.77630043029785,80.0
NoFire_38,0,18.0242862701416,3,150.0,112.77630043029785,80.0
NoFire_61,0,30.5927677154541,3,150.0,112.77630043029785,80.0
NoFire_55,0,31.2408390045166,3,150.0,112.77630043029785,80.0
NoFire_70,0,30.9171085357666,3,150.0,112.77630043029785,80.0
Fire_157,1,164.98532104492188,3,150.0,112.77630043029785,80.0
Fire_353,1,182.26370239257812,3,150.0,112.77630043029785,80.0
Fire_517,1,183.91082763671875,3,150.0,112.77630043029785,80.0
Fire_575,1,184.1255798339844,3,150.0,112.77630043029785,80.0
Fire_253,1,185.0635681152344,3,150.0,112.77630043029785,80.0
Fire_113,1,186.49420166015625,3,150.0,112.77630043029785,80.0
Fire_562,1,185.2781982421875,3,150.0,112.77630043029785,80.0
Fire_421,1,184.49105834960935,3,150.0,112.77630043029785,80.0
Fire_160,1,184.347900390625,3,150.0,112.77630043029785,80.0
Fire_595,1,187.42364501953125,3,150.0,112.77630043029785,80.0
Fire_613,1,187.42364501953125,3,150.0,112.77630043029785,80.0
Fire_10,1,187.42364501953125,3,150.0,112.77630043029785,80.0
Fire_461,1,187.42364501953125,3,150.0,112.77630043029785,80.0
Fire_538,1,187.42364501953125,3,150.0,112.77630043029785,80.0
Fire_604,1,187.42364501953125,3,150.0,112.77630043029785,80.0
Fire_70,1,187.42364501953125,3,150.0,112.77630043029785,80.0
Fire_564,1,187.42364501953125,3,150.0,112.77630043029785,80.0
Fire_34,1,187.42364501953125,3,150.0,112.77630043029785,80.0
Fire_251,1,187.42364501953125,3,150.0,112.77630043029785,80.0
Fire_510,1,187.42364501953125,3,150.0,112.77630043029785,80.0
Fire_450,1,187.42364501953125,3,150.0,112.77630043029785,80.0
Fire_477,1,187.42364501953125,3,150.0,112.77630043029785,80.0
Fire_614,1,187.42364501953125,3,150.0,112.77630043029785,80.0
Fire_138,1,187.42364501953125,3,150.0,112.77630043029785,80.0
Fire_121,1,187.42364501953125,0,150.0,145.95063591003418,80.0
Fire_287,1,187.42364501953125,0,150.0,145.95063591003418,80.0
Fire_408,1,187.42364501953125,0,150.0,145.95063591003418,80.0
Fire_143,1,187.42364501953125,0,150.0,145.95063591003418,80.0
Fire_21,1,187.42364501953125,0,150.0,145.95063591003418,80.0
Fire_313,1,187.42364501953125,0,150.0,145.95063591003418,80.0
NoFire_112,0,20.599328994750977,0,150.0,145.95063591003418,80.0
NoFire_86,0,20.433557510375977,0,150.0,145.95063591003418,80.0
NoFire_48,0,23.48845863342285,0,150.0,145.95063591003418,80.0
NoFire_68,0,25.786645889282227,0,150.0,145.95063591003418,80.0
NoFire_17,0,24.474817276000977,0,150.0,145.95063591003418,80.0
NoFire_24,0,25.37713050842285,0,150.0,145.95063591003418,80.0
NoFire_62,0,33.099510192871094,0,150.0,145.95063591003418,80.0
NoFire_36,0,29.86272621154785,0,150.0,145.95063591003418,80.0
NoFire_14,0,32.534507751464844,0,150.0,145.95063591003418,80.0
NoFire_12,0,34.870567321777344,0,150.0,145.95063591003418,80.0
NoFire_59,0,31.079004287719727,0,150.0,145.95063591003418,80.0
NoFire_101,0,20.84783363342285,0,150.0,145.95063591003418,80.0
NoFire_50,0,20.599328994750977,0,150.0,145.95063591003418,80.0
NoFire_13,0,21.01311683654785,0,150.0,145.95063591003418,80.0
NoFire_1,0,25.622888565063477,0,150.0,145.95063591003418,80.0
NoFire_95,0,18.7735538482666,0,150.0,145.95063591003418,80.0
NoFire_77,0,19.936243057250977,0,150.0,145.95063591003418,80.0
NoFire_110,0,21.6745548248291,0,150.0,145.95063591003418,80.0
NoFire_67,0,22.74724769592285,0,150.0,145.95063591003418,80.0
NoFire_39,0,22.829675674438477,0,150.0,145.95063591003418,80.0
NoFire_16,0,17.107141494750977,0,150.0,145.95063591003418,80.0
NoFire_37,0,27.09478187561035,0,150.0,145.95063591003418,80.0
NoFire_44,0,32.130393981933594,0,150.0,145.95063591003418,80.0
NoFire_104,0,30.5927677154541,0,150.0,145.95063591003418,80.0
NoFire_63,0,34.70995330810547,0,150.0,145.95063591003418,80.0
NoFire_29,0,37.435935974121094,0,150.0,145.95063591003418,80.0
NoFire_92,0,39.750511169433594,0,150.0,145.95063591003418,80.0
NoFire_56,0,37.276145935058594,0,150.0,145.95063591003418,80.0
Fire_531,1,108.2468490600586,0,150.0,145.95063591003418,80.0
NoFire_73,0,18.191003799438477,0,150.0,145.95063591003418,80.0
NoFire_94,0,21.591882705688477,0,150.0,145.95063591003418,80.0
NoFire_66,0,20.267724990844727,4,150.0,129.9663200378418,80.0
NoFire_18,0,18.357690811157227,4,150.0,129.9663200378418,80.0
NoFire_6,0,32.938316345214844,4,150.0,129.9663200378418,80.0
NoFire_54,0,32.130393981933594,4,150.0,129.9663200378418,80.0
NoFire_58,0,40.62578582763672,4,150.0,129.9663200378418,80.0
NoFire_3,0,47.02935028076172,4,150.0,129.9663200378418,80.0
NoFire_114,0,36.155235290527344,4,150.0,129.9663200378418,80.0
NoFire_102,0,47.18785858154297,4,150.0,129.9663200378418,80.0
NoFire_4,0,29.781579971313477,4,150.0,129.9663200378418,80.0
NoFire_80,0,41.97631072998047,4,150.0,129.9663200378418,80.0
NoFire_11,0,42.372215270996094,4,150.0,129.9663200378418,80.0
NoFire_106,0,46.79381561279297,4,150.0,129.9663200378418,80.0
NoFire_79,0,44.981895446777344,4,150.0,129.9663200378418,80.0
NoFire_10,0,32.938316345214844,4,150.0,129.9663200378418,80.0
NoFire_47,0,24.885156631469727,4,150.0,129.9663200378418,80.0
NoFire_96,0,20.516443252563477,4,150.0,129.9663200378418,80.0
NoFire_115,0,19.43840980529785,4,150.0,129.9663200378418,80.0
NoFire_82,0,18.7735538482666,4,150.0,129.9663200378418,80.0
NoFire_27,0,21.50921058654785,4,150.0,129.9663200378418,80.0
NoFire_76,0,21.17864418029785,4,150.0,129.9663200378418,80.0
NoFire_105,0,19.853235244750977,1,150.0,131.4620018005371,80.0
NoFire_99,0,19.105859756469727,1,150.0,131.4620018005371,80.0
NoFire_53,0,17.940881729125977,1,150.0,131.4620018005371,80.0
NoFire_42,0,20.433557510375977,1,150.0,131.4620018005371,80.0
NoFire_108,0,24.310571670532227,1,150.0,131.4620018005371,80.0
NoFire_57,0,21.3441104888916,1,150.0,131.4620018005371,80.0
NoFire_88,0,24.639001846313477,1,150.0,131.4620018005371,80.0
NoFire_109,0,21.8398380279541,1,150.0,131.4620018005371,80.0
NoFire_87,0,27.176416397094727,1,150.0,131.4620018005371,80.0
NoFire_7,0,26.604761123657227,1,150.0,131.4620018005371,80.0
NoFire_2,0,35.111412048339844,1,150.0,131.4620018005371,80.0
NoFire_19,0,38.39562225341797,1,150.0,131.4620018005371,80.0
NoFire_33,0,37.276145935058594,1,150.0,131.4620018005371,80.0
NoFire_23,0,37.915977478027344,1,150.0,131.4620018005371,80.0
NoFire_98,0,25.950403213500977,1,150.0,131.4620018005371,80.0
NoFire_71,0,20.267724990844727,1,150.0,131.4620018005371,80.0
NoFire_52,0,19.023157119750977,1,150.0,131.4620018005371,80.0
NoFire_21,0,19.60454750061035,1,150.0,131.4620018005371,80.0
NoFire_107,0,19.35527992248535,1,150.0,131.4620018005371,80.0
NoFire_31,0,19.43840980529785,1,150.0,131.4620018005371,80.0
NoFire_113,0,20.68218421936035,2,150.0,131.76601791381836,80.0
NoFire_5,0,21.7571964263916,2,150.0,131.76601791381836,80.0
NoFire_100,0,22.829675674438477,2,150.0,131.76601791381836,80.0
NoFire_72,0,25.131189346313477,2,150.0,131.76601791381836,80.0
Fire_255,1,608.6897583007812,4,150.0,129.9663200378418,80.0
Fire_419,1,604.8112182617188,4,150.0,129.9663200378418,80.0
Fire_395,1,601.0767822265625,4,150.0,129.9663200378418,80.0
Fire_522,1,584.0527954101562,4,150.0,129.9663200378418,80.0
Fire_190,1,576.3177490234375,4,150.0,129.9663200378418,80.0
Fire_576,1,606.84765625,4,150.0,129.9663200378418,80.0
Fire_355,1,529.2716064453125,4,150.0,129.9663200378418,80.0
Fire_234,1,586.9739990234375,4,150.0,129.9663200378418,80.0
Fire_294,1,608.6897583007812,4,150.0,129.9663200378418,80.0
Fire_493,1,577.2537231445312,4,150.0,129.9663200378418,80.0
Fire_370,1,608.6897583007812,4,150.0,129.9663200378418,80.0
Fire_309,1,369.1670227050781,4,150.0,129.9663200378418,80.0
Fire_324,1,511.6567687988281,4,150.0,129.9663200378418,80.0
Fire_277,1,420.9620056152344,4,150.0,129.9663200378418,80.0
Fire_588,1,438.9708557128906,4,150.0,129.9663200378418,80.0
Fire_331,1,478.2323303222656,4,150.0,129.9663200378418,80.0
Fire_104,1,482.0727233886719,4,150.0,129.9663200378418,80.0
Fire_474,1,441.5699157714844,4,150.0,129.9663200378418,80.0
Fire_45,1,390.9690246582031,4,150.0,129.9663200378418,80.0
Fire_502,1,572.5119018554688,4,150.0,129.9663200378418,80.0
Fire_264,1,588.57861328125,2,150.0,131.76601791381836,80.0
Fire_210,1,549.8297119140625,2,150.0,131.76601791381836,80.0
Fire_326,1,596.4067993164062,2,150.0,131.76601791381836,80.0
Fire_154,1,608.6897583007812,2,150.0,131.76601791381836,80.0
Fire_80,1,608.6897583007812,2,150.0,131.76601791381836,80.0
Fire_503,1,608.6897583007812,2,150.0,131.76601791381836,80.0
Fire_229,1,543.4820556640625,2,150.0,131.76601791381836,80.0
Fire_67,1,569.3746948242188,2,150.0,131.76601791381836,80.0
Fire_501,1,544.870849609375,2,150.0,131.76601791381836,80.0
Fire_552,1,608.6897583007812,2,150.0,131.76601791381836,80.0
Fire_248,1,582.376220703125,2,150.0,131.76601791381836,80.0
Fire_119,1,571.3392944335938,2,150.0,131.76601791381836,80.0
Fire_490,1,502.7695617675781,2,150.0,131.76601791381836,80.0
Fire_452,1,565.4248657226562,2,150.0,131.76601791381836,80.0
Fire_328,1,559.242431640625,2,150.0,131.76601791381836,80.0
Fire_546,1,515.9229736328125,2,150.0,131.76601791381836,80.0
Fire_520,1,446.4891052246094,2,150.0,131.76601791381836,80.0
Fire_406,1,416.2051696777344,2,150.0,131.76601791381836,80.0
Fire_292,1,402.8901062011719,2,150.0,131.76601791381836,80.0
Fire_341,1,461.9144592285156,2,150.0,131.76601791381836,80.0
Fire_33,1,425.6258850097656,2,150.0,131.76601791381836,80.0
Fire_68,1,443.3735656738281,2,150.0,131.76601791381836,80.0
Fire_29,1,465.2545471191406,2,150.0,131.76601791381836,80.0
Fire_579,1,470.1354675292969,2,150.0,131.76601791381836,80.0
Fire_219,1,473.3221740722656,2,150.0,131.76601791381836,80.0
Fire_416,1,508.4866638183594,2,150.0,131.76601791381836,80.0
Fire_171,1,519.2063598632812,2,150.0,131.76601791381836,80.0
Fire_436,1,539.4596557617188,2,150.0,131.76601791381836,80.0
Fire_478,1,524.960205078125,2,150.0,131.76601791381836,80.0
Fire_559,1,505.5547180175781,2,150.0,131.76601791381836,80.0
Fire_72,1,503.6736145019531,2,150.0,131.76601791381836,80.0
Fire_364,1,527.8104858398438,2,150.0,131.76601791381836,80.0
Fire_279,1,457.6398620605469,2,150.0,131.76601791381836,80.0
Fire_116,1,498.1465759277344,2,150.0,131.76601791381836,80.0
Fire_384,1,500.1681823730469,2,150.0,131.76601791381836,80.0
Fire_387,1,519.7111206054688,1,150.0,131.4620018005371,80.0
Fire_106,1,516.21142578125,1,150.0,131.4620018005371,80.0
Fire_570,1,494.6474304199219,1,150.0,131.4620018005371,80.0
Fire_216,1,482.3959655761719,1,150.0,131.4620018005371,80.0
Fire_12,1,464.0576477050781,1,150.0,131.4620018005371,80.0
Fire_433,1,521.100341796875,2,150.0,131.76601791381836,80.0
Fire_551,1,521.7493286132812,2,150.0,131.76601791381836,80.0
Fire_597,1,543.3379516601562,2,150.0,131.76601791381836,80.0
Fire_32,1,587.8587646484375,2,150.0,131.76601791381836,80.0
Fire_87,1,608.6897583007812,2,150.0,131.76601791381836,80.0
Fire_205,1,608.6897583007812,2,150.0,131.76601791381836,80.0
Fire_123,1,608.6897583007812,2,150.0,131.76601791381836,80.0
Fire_539,1,531.165283203125,2,150.0,131.76601791381836,80.0
Fire_221,1,549.469482421875,2,150.0,131.76601791381836,80.0
Fire_488,1,608.6897583007812,2,150.0,131.76601791381836,80.0
Fire_581,1,381.8388977050781,2,150.0,131.76601791381836,80.0
Fire_49,1,608.6897583007812,2,150.0,131.76601791381836,80.0
Fire_152,1,503.8363342285156,2,150.0,131.76601791381836,80.0
Fire_175,1,608.6897583007812,2,150.0,131.76601791381836,80.0
Fire_61,1,590.4710693359375,2,150.0,131.76601791381836,80.0
Fire_504,1,481.2826843261719,2,150.0,131.76601791381836,80.0
Fire_136,1,534.5198364257812,2,150.0,131.76601791381836,80.0
Fire_513,1,608.6897583007812,2,150.0,131.76601791381836,80.0
Fire_462,1,608.6897583007812,2,150.0,131.76601791381836,80.0
Fire_376,1,596.9826049804688,2,150.0,131.76601791381836,80.0
Fire_38,1,608.6897583007812,1,150.0,131.4620018005371,80.0
Fire_228,1,581.9954223632812,1,150.0,131.4620018005371,80.0
Fire_385,1,608.6897583007812,1,150.0,131.4620018005371,80.0
Fire_412,1,558.7901000976562,1,150.0,131.4620018005371,80.0
Fire_9,1,608.6897583007812,1,150.0,131.4620018005371,80.0
Fire_349,1,597.3424682617188,1,150.0,131.4620018005371,80.0
Fire_227,1,490.0183410644531,1,150.0,131.4620018005371,80.0
Fire_457,1,495.6210021972656,1,150.0,131.4620018005371,80.0
Fire_599,1,521.7493286132812,1,150.0,131.4620018005371,80.0
Fire_530,1,450.5132141113281,1,150.0,131.4620018005371,80.0
Fire_561,1,425.8002014160156,1,150.0,131.4620018005371,80.0
Fire_295,1,474.1998596191406,1,150.0,131.4620018005371,80.0
Fire_596,1,501.3059997558594,1,150.0,131.4620018005371,80.0
Fire_536,1,529.632080078125,1,150.0,131.4620018005371,80.0
Fire_532,1,599.400146484375,1,150.0,131.4620018005371,80.0
Fire_122,1,578.2103271484375,1,150.0,131.4620018005371,80.0
Fire_261,1,588.9384765625,1,150.0,131.4620018005371,80.0
Fire_51,1,501.8123474121094,1,150.0,131.4620018005371,80.0
Fire_220,1,608.6897583007812,1,150.0,131.4620018005371,80.0
Fire_178,1,608.6897583007812,1,150.0,131.4620018005371,80.0
Fire_56,1,608.6897583007812,1,150.0,131.4620018005371,80.0
Fire_415,1,608.6897583007812,1,150.0,131.4620018005371,80.0
Fire_494,1,608.6897583007812,1,150.0,131.4620018005371,80.0
Fire_117,1,608.6897583007812,1,150.0,131.4620018005371,80.0
Fire_362,1,608.6897583007812,1,150.0,131.4620018005371,80.0
Fire_78,1,608.6897583007812,1,150.0,131.4620018005371,80.0
Fire_610,1,608.6897583007812,1,150.0,131.4620018005371,80.0
Fire_403,1,608.6897583007812,1,150.0,131.4620018005371,80.0
Fire_550,1,608.6897583007812,1,150.0,131.4620018005371,80.0
Fire_424,1,608.6897583007812,1,150.0,131.4620018005371,80.0
Fire_327,1,608.6897583007812,1,150.0,131.4620018005371,80.0
Fire_587,1,608.6897583007812,1,150.0,131.4620018005371,80.0
Fire_180,1,608.6897583007812,1,150.0,131.4620018005371,80.0
Fire_173,1,608.6897583007812,1,150.0,131.4620018005371,80.0
Fire_207,1,608.6897583007812,1,150.0,131.4620018005371,80.0
Fire_74,1,608.6897583007812,1,150.0,131.4620018005371,80.0
Fire_185,1,608.6897583007812,1,150.0,131.4620018005371,80.0
Fire_622,1,574.713134765625,1,150.0,131.4620018005371,80.0
Fire_497,1,608.6897583007812,1,150.0,131.4620018005371,80.0
Fire_601,1,514.9853515625,1,150.0,131.4620018005371,80.0
Fire_465,1,383.9453430175781,2,150.0,131.76601791381836,80.0
Fire_212,1,501.0714416503906,2,150.0,131.76601791381836,80.0
Fire_275,1,583.2400512695312,2,150.0,131.76601791381836,80.0
Fire_273,1,485.7735900878906,2,150.0,131.76601791381836,80.0
Fire_542,1,432.5158386230469,2,150.0,131.76601791381836,80.0
Fire_31,1,472.6950988769531,2,150.0,131.76601791381836,80.0
Fire_396,1,608.6897583007812,3,150.0,112.77630043029785,80.0
Fire_566,1,608.6897583007812,3,150.0,112.77630043029785,80.0
Fire_110,1,608.6897583007812,3,150.0,112.77630043029785,80.0
Fire_256,1,594.2771606445312,3,150.0,112.77630043029785,80.0
Fire_315,1,608.6897583007812,3,150.0,112.77630043029785,80.0
Fire_428,1,608.6897583007812,3,150.0,112.77630043029785,80.0
Fire_86,1,608.6897583007812,3,150.0,112.77630043029785,80.0
Fire_75,1,608.6897583007812,3,150.0,112.77630043029785,80.0
Fire_381,1,608.6897583007812,3,150.0,112.77630043029785,80.0
Fire_342,1,608.6897583007812,3,150.0,112.77630043029785,80.0
Fire_111,1,608.6897583007812,3,150.0,112.77630043029785,80.0
Fire_184,1,578.2823486328125,3,150.0,112.77630043029785,80.0
Fire_391,1,608.6897583007812,3,150.0,112.77630043029785,80.0
Fire_66,1,608.6897583007812,3,150.0,112.77630043029785,80.0
Fire_22,1,608.6897583007812,3,150.0,112.77630043029785,80.0
Fire_572,1,608.6897583007812,3,150.0,112.77630043029785,80.0
Fire_380,1,535.6730346679688,3,150.0,112.77630043029785,80.0
Fire_131,1,562.7399291992188,3,150.0,112.77630043029785,80.0
Fire_257,1,558.2138671875,3,150.0,112.77630043029785,80.0
Fire_222,1,524.4555053710938,3,150.0,112.77630043029785,80.0
Fire_358,1,503.3482360839844,1,150.0,131.4620018005371,80.0
Fire_163,1,577.5416870117188,1,150.0,131.4620018005371,80.0
Fire_541,1,568.3460693359375,1,150.0,131.4620018005371,80.0
Fire_344,1,535.456787109375,1,150.0,131.4620018005371,80.0
Fire_603,1,467.0061340332031,1,150.0,131.4620018005371,80.0
Fire_607,1,523.1384887695312,1,150.0,131.4620018005371,80.0
Fire_463,1,530.8574829101562,1,150.0,131.4620018005371,80.0
Fire_263,1,539.9838256835938,1,150.0,131.4620018005371,80.0
Fire_356,1,566.5254516601562,1,150.0,131.4620018005371,80.0
Fire_65,1,561.207275390625,1,150.0,131.4620018005371,80.0
Fire_304,1,568.798583984375,1,150.0,131.4620018005371,80.0
Fire_1,1,573.0159301757812,1,150.0,131.4620018005371,80.0
Fire_606,1,608.6897583007812,1,150.0,131.4620018005371,80.0
Fire_431,1,608.6897583007812,1,150.0,131.4620018005371,80.0
Fire_243,1,490.3604431152344,3,150.0,112.77630043029785,80.0
Fire_340,1,447.2327575683594,3,150.0,112.77630043029785,80.0
Fire_282,1,503.4203186035156,3,150.0,112.77630043029785,80.0
Fire_464,1,477.9814147949219,3,150.0,112.77630043029785,80.0
Fire_404,1,493.7644348144531,3,150.0,112.77630043029785,80.0
Fire_46,1,481.5161437988281,3,150.0,112.77630043029785,80.0
Fire_378,1,516.21142578125,3,150.0,112.77630043029785,80.0
Fire_25,1,499.9336242675781,3,150.0,112.77630043029785,80.0
Fire_132,1,503.1855773925781,3,150.0,112.77630043029785,80.0
Fire_602,1,488.8307800292969,3,150.0,112.77630043029785,80.0
Fire_169,1,487.6974792480469,3,150.0,112.77630043029785,80.0
Fire_298,1,501.5406188964844,3,150.0,112.77630043029785,80.0
Fire_512,1,501.0714416503906,3,150.0,112.77630043029785,80.0
Fire_445,1,500.8183288574219,3,150.0,112.77630043029785,80.0
Fire_545,1,486.9601745605469,3,150.0,112.77630043029785,80.0
Fire_484,1,418.0056457519531,3,150.0,112.77630043029785,80.0
NoFire_15,0,9.205377578735352,3,150.0,112.77630043029785,80.0
NoFire_41,0,7.382928371429443,3,150.0,112.77630043029785,80.0
NoFire_65,0,7.382928371429443,3,150.0,112.77630043029785,80.0
NoFire_91,0,7.382928371429443,3,150.0,112.77630043029785,80.0
NoFire_93,0,7.382928371429443,3,150.0,112.77630043029785,80.0
NoFire_78,0,9.205377578735352,3,150.0,112.77630043029785,80.0
NoFire_25,0,9.205377578735352,3,150.0,112.77630043029785,80.0
NoFire_64,0,9.205377578735352,3,150.0,112.77630043029785,80.0
Fire_289,1,608.6897583007812,1,150.0,131.4620018005371,80.0
Fire_435,1,608.6897583007812,1,150.0,131.4620018005371,80.0
Fire_206,1,608.6897583007812,1,150.0,131.4620018005371,80.0
Fire_409,1,608.6897583007812,1,150.0,131.4620018005371,80.0
Fire_453,1,608.6897583007812,1,150.0,131.4620018005371,80.0
Fire_617,1,608.6897583007812,1,150.0,131.4620018005371,80.0
Fire_20,1,608.6897583007812,1,150.0,131.4620018005371,80.0
Fire_354,1,608.6897583007812,1,150.0,131.4620018005371,80.0
Fire_280,1,608.6897583007812,1,150.0,131.4620018005371,80.0
Fire_8,1,595.8817749023438,1,150.0,131.4620018005371,80.0
Fire_223,1,564.9207763671875,1,150.0,131.4620018005371,80.0
Fire_397,1,501.2339782714844,1,150.0,131.4620018005371,80.0
Fire_23,1,514.1729736328125,1,150.0,131.4620018005371,80.0
Fire_55,1,531.0211181640625,1,150.0,131.4620018005371,80.0
Fire_442,1,522.3453369140625,1,150.0,131.4620018005371,80.0
Fire_537,1,513.884521484375,1,150.0,131.4620018005371,80.0
Fire_232,1,567.986083984375,4,150.0,129.9663200378418,80.0
Fire_470,1,608.6897583007812,0,150.0,145.95063591003418,80.0
Fire_201,1,608.6897583007812,0,150.0,145.95063591003418,80.0
Fire_321,1,608.6897583007812,0,150.0,145.95063591003418,80.0
Fire_372,1,608.6897583007812,0,150.0,145.95063591003418,80.0
Fire_589,1,608.6897583007812,0,150.0,145.95063591003418,80.0
Fire_540,1,608.6897583007812,0,150.0,145.95063591003418,80.0
Fire_47,1,608.6897583007812,0,150.0,145.95063591003418,80.0
Fire_306,1,608.6897583007812,0,150.0,145.95063591003418,80.0
Fire_616,1,608.6897583007812,0,150.0,145.95063591003418,80.0
Fire_130,1,608.6897583007812,0,150.0,145.95063591003418,80.0
Fire_469,1,608.6897583007812,0,150.0,145.95063591003418,80.0
Fire_585,1,585.3694458007812,0,150.0,145.95063591003418,80.0
Fire_357,1,565.8773193359375,0,150.0,145.95063591003418,80.0
Fire_27,1,605.984130859375,0,150.0,145.95063591003418,80.0
Fire_83,1,590.924072265625,0,150.0,145.95063591003418,80.0
Fire_521,1,608.6897583007812,0,150.0,145.95063591003418,80.0
Fire_351,1,529.632080078125,0,150.0,145.95063591003418,80.0
Fire_18,1,529.4879150390625,0,150.0,145.95063591003418,80.0
Fire_139,1,542.165283203125,0,150.0,145.95063591003418,80.0
Fire_392,1,528.4592895507812,0,150.0,145.95063591003418,80.0
Fire_225,1,462.2357482910156,4,150.0,129.9663200378418,80.0
Fire_128,1,537.638427734375,4,150.0,129.9663200378418,80.0
Fire_260,1,499.3741149902344,4,150.0,129.9663200378418,80.0
Fire_554,1,583.9088134765625,4,150.0,129.9663200378418,80.0
Fire_336,1,585.8013305664062,4,150.0,129.9663200378418,80.0
Fire_52,1,594.9461059570312,4,150.0,129.9663200378418,80.0
Fire_615,1,589.3914184570312,4,150.0,129.9663200378418,80.0
Fire_523,1,575.8651123046875,4,150.0,129.9663200378418,80.0
Fire_558,1,601.0047607421875,4,150.0,129.9663200378418,80.0
Fire_109,1,605.6962890625,4,150.0,129.9663200378418,80.0
Fire_155,1,608.6897583007812,4,150.0,129.9663200378418,80.0
Fire_62,1,593.9892578125,4,150.0,129.9663200378418,80.0
Fire_438,1,595.1620483398438,4,150.0,129.9663200378418,80.0
Fire_276,1,594.421142578125,4,150.0,129.9663200378418,80.0
Fire_96,1,605.7682495117188,4,150.0,129.9663200378418,80.0
Fire_399,1,608.6897583007812,4,150.0,129.9663200378418,80.0
Fire_439,1,608.6897583007812,4,150.0,129.9663200378418,80.0
Fire_133,1,608.6897583007812,4,150.0,129.9663200378418,80.0
Fire_535,1,608.6897583007812,4,150.0,129.9663200378418,80.0
Fire_555,1,608.6897583007812,4,150.0,129.9663200378418,80.0
Fire_519,1,608.6897583007812,4,150.0,129.9663200378418,80.0
Fire_516,1,608.6897583007812,4,150.0,129.9663200378418,80.0
Fire_414,1,608.6897583007812,4,150.0,129.9663200378418,80.0
Fire_410,1,608.6897583007812,4,150.0,129.9663200378418,80.0
Fire_142,1,608.6897583007812,4,150.0,129.9663200378418,80.0
Fire_158,1,608.6897583007812,4,150.0,129.9663200378418,80.0
Fire_609,1,531.2373657226562,4,150.0,129.9663200378418,80.0
Fire_514,1,602.8972778320312,4,150.0,129.9663200378418,80.0
Fire_386,1,581.9954223632812,4,150.0,129.9663200378418,80.0
Fire_291,1,527.882568359375,1,150.0,131.4620018005371,80.0
Fire_127,1,501.0714416503906,1,150.0,131.4620018005371,80.0
Fire_560,1,487.2298889160156,1,150.0,131.4620018005371,80.0
Fire_179,1,456.5722961425781,1,150.0,131.4620018005371,80.0
Fire_97,1,451.6498107910156,1,150.0,131.4620018005371,80.0
Fire_53,1,494.5754699707031,1,150.0,131.4620018005371,80.0
Fire_166,1,438.4767150878906,1,150.0,131.4620018005371,80.0
Fire_365,1,487.4637145996094,1,150.0,131.4620018005371,80.0
Fire_153,1,483.7430725097656,1,150.0,131.4620018005371,80.0
Fire_620,1,486.6545104980469,1,150.0,131.4620018005371,80.0
Fire_246,1,477.6586608886719,1,150.0,131.4620018005371,80.0
Fire_460,1,467.0061340332031,1,150.0,131.4620018005371,80.0
Fire_388,1,463.9687194824219,1,150.0,131.4620018005371,80.0
Fire_405,1,318.6381530761719,1,150.0,131.4620018005371,80.0
Fire_590,1,340.6436462402344,1,150.0,131.4620018005371,80.0
Fire_11,1,339.7735290527344,1,150.0,131.4620018005371,80.0
Fire_126,1,383.1623840332031,1,150.0,131.4620018005371,80.0
Fire_557,1,321.7037658691406,1,150.0,131.4620018005371,80.0
Fire_267,1,429.8940124511719,1,150.0,131.4620018005371,80.0
Fire_236,1,474.1998596191406,1,150.0,131.4620018005371,80.0
Fire_5,1,556.68115234375,4,150.0,129.9663200378418,80.0
Fire_73,1,534.2120361328125,4,150.0,129.9663200378418,80.0
Fire_311,1,608.6897583007812,4,150.0,129.9663200378418,80.0
Fire_456,1,417.8321228027344,4,150.0,129.9663200378418,80.0
Fire_4,1,497.3345642089844,4,150.0,129.9663200378418,80.0
Fire_64,1,508.7938537597656,4,150.0,129.9663200378418,80.0
Fire_296,1,518.3939819335938,4,150.0,129.9663200378418,80.0
Fire_35,1,503.0228576660156,4,150.0,129.9663200378418,80.0
Fire_417,1,510.8412170410156,4,150.0,129.9663200378418,80.0
Fire_93,1,518.249755859375,4,150.0,129.9663200378418,80.0
Fire_39,1,568.3460693359375,4,150.0,129.9663200378418,80.0
Fire_343,1,540.0558471679688,4,150.0,129.9663200378418,80.0
Fire_182,1,574.713134765625,4,150.0,129.9663200378418,80.0
Fire_578,1,606.2000122070312,4,150.0,129.9663200378418,80.0
Fire_505,1,555.8687133789062,4,150.0,129.9663200378418,80.0
Fire_266,1,516.5911254882812,4,150.0,129.9663200378418,80.0
Fire_480,1,519.9995727539062,4,150.0,129.9663200378418,80.0
Fire_301,1,606.7037353515625,4,150.0,129.9663200378418,80.0
Fire_549,1,528.675537109375,4,150.0,129.9663200378418,80.0
Fire_177,1,509.5367736816406,4,150.0,129.9663200378418,80.0
Fire_58,1,448.2081604003906,2,150.0,131.76601791381836,80.0
Fire_84,1,464.6833190917969,2,150.0,131.76601791381836,80.0
Fire_577,1,453.3556823730469,2,150.0,131.76601791381836,80.0
Fire_543,1,505.9524230957031,2,150.0,131.76601791381836,80.0
Fire_482,1,535.9613037109375,2,150.0,131.76601791381836,80.0
Fire_50,1,608.6897583007812,2,150.0,131.76601791381836,80.0
Fire_48,1,608.6897583007812,2,150.0,131.76601791381836,80.0
Fire_59,1,578.2103271484375,2,150.0,131.76601791381836,80.0
Fire_373,1,587.7658081054688,2,150.0,131.76601791381836,80.0
Fire_303,1,592.9605102539062,2,150.0,131.76601791381836,80.0
Fire_444,1,608.6897583007812,3,150.0,112.77630043029785,80.0
Fire_183,1,608.6897583007812,3,150.0,112.77630043029785,80.0
Fire_63,1,608.6897583007812,3,150.0,112.77630043029785,80.0
Fire_245,1,608.6897583007812,3,150.0,112.77630043029785,80.0
Fire_42,1,608.6897583007812,3,150.0,112.77630043029785,80.0
Fire_314,1,598.5872192382812,3,150.0,112.77630043029785,80.0
Fire_197,1,592.24072265625,3,150.0,112.77630043029785,80.0
Fire_368,1,582.376220703125,3,150.0,112.77630043029785,80.0
Fire_19,1,547.9366455078125,3,150.0,112.77630043029785,80.0
Fire_274,1,531.6697998046875,3,150.0,112.77630043029785,80.0
Fire_103,1,537.638427734375,3,150.0,112.77630043029785,80.0
Fire_568,1,507.0736999511719,3,150.0,112.77630043029785,80.0
Fire_288,1,522.8500366210938,3,150.0,112.77630043029785,80.0
Fire_24,1,550.7662353515625,3,150.0,112.77630043029785,80.0
Fire_333,1,536.1970825195312,3,150.0,112.77630043029785,80.0
Fire_402,1,497.6593322753906,3,150.0,112.77630043029785,80.0
Fire_305,1,477.1745910644531,3,150.0,112.77630043029785,80.0
Fire_352,1,442.2405090332031,3,150.0,112.77630043029785,80.0
Fire_455,1,428.8937683105469,3,150.0,112.77630043029785,80.0
Fire_249,1,446.3293762207031,3,150.0,112.77630043029785,80.0
Fire_259,1,453.2840270996094,0,150.0,145.95063591003418,80.0
Fire_325,1,496.6131896972656,0,150.0,145.95063591003418,80.0
Fire_612,1,518.249755859375,0,150.0,145.95063591003418,80.0
Fire_591,1,522.3453369140625,0,150.0,145.95063591003418,80.0
Fire_37,1,491.5666198730469,0,150.0,145.95063591003418,80.0
Fire_525,1,567.697998046875,0,150.0,145.95063591003418,80.0
Fire_323,1,531.9581298828125,0,150.0,145.95063591003418,80.0
Fire_393,1,592.6005859375,0,150.0,145.95063591003418,80.0
Fire_515,1,544.7267456054688,0,150.0,145.95063591003418,80.0
Fire_57,1,584.4127197265625,0,150.0,145.95063591003418,80.0
Fire_284,1,608.6897583007812,0,150.0,145.95063591003418,80.0
Fire_508,1,608.6897583007812,0,150.0,145.95063591003418,80.0
Fire_196,1,552.6591796875,0,150.0,145.95063591003418,80.0
Fire_345,1,529.632080078125,0,150.0,145.95063591003418,80.0
Fire_164,1,532.9146728515625,0,150.0,145.95063591003418,80.0
Fire_479,1,530.7133178710938,0,150.0,145.95063591003418,80.0
Fire_125,1,539.1714477539062,0,150.0,145.95063591003418,80.0
Fire_586,1,519.13427734375,0,150.0,145.95063591003418,80.0
Fire_134,1,519.13427734375,0,150.0,145.95063591003418,80.0
Fire_379,1,510.2798767089844,0,150.0,145.95063591003418,80.0
Fire_268,1,524.3834228515625,0,150.0,145.95063591003418,80.0
Fire_281,1,551.1464233398438,0,150.0,145.95063591003418,80.0
Fire_518,1,573.396484375,0,150.0,145.95063591003418,80.0
Fire_507,1,608.6897583007812,0,150.0,145.95063591003418,80.0
Fire_189,1,608.6897583007812,0,150.0,145.95063591003418,80.0
Fire_211,1,608.6897583007812,0,150.0,145.95063591003418,80.0
Fire_466,1,608.6897583007812,0,150.0,145.95063591003418,80.0
Fire_430,1,608.6897583007812,0,150.0,145.95063591003418,80.0
Fire_330,1,608.6897583007812,0,150.0,145.95063591003418,80.0
Fire_529,1,608.6897583007812,0,150.0,145.95063591003418,80.0
Fire_432,1,608.6897583007812,0,150.0,145.95063591003418,80.0
Fire_285,1,608.6897583007812,0,150.0,145.95063591003418,80.0
Fire_213,1,608.6897583007812,0,150.0,145.95063591003418,80.0
Fire_218,1,569.8787231445312,0,150.0,145.95063591003418,80.0
Fire_202,1,608.6897583007812,0,150.0,145.95063591003418,80.0
Fire_36,1,570.7632446289062,0,150.0,145.95063591003418,80.0
Fire_270,1,471.5848693847656,0,150.0,145.95063591003418,80.0
Fire_472,1,476.7800598144531,0,150.0,145.95063591003418,80.0
Fire_467,1,522.7779541015625,0,150.0,145.95063591003418,80.0
Fire_534,1,487.2298889160156,0,150.0,145.95063591003418,80.0
Fire_527,1,568.4180908203125,0,150.0,145.95063591003418,80.0
Fire_16,1,549.54150390625,2,150.0,131.76601791381836,80.0
Fire_161,1,590.2551879882812,2,150.0,131.76601791381836,80.0
Fire_475,1,608.6897583007812,2,150.0,131.76601791381836,80.0
Fire_193,1,608.6897583007812,2,150.0,131.76601791381836,80.0
Fire_272,1,608.6897583007812,2,150.0,131.76601791381836,80.0
Fire_363,1,599.040283203125,2,150.0,131.76601791381836,80.0
Fire_254,1,590.1112060546875,2,150.0,131.76601791381836,80.0
Fire_149,1,595.5938720703125,2,150.0,131.76601791381836,80.0
Fire_300,1,591.3558959960938,2,150.0,131.76601791381836,80.0
Fire_13,1,589.6793212890625,2,150.0,131.76601791381836,80.0
Fire_429,1,546.9080810546875,2,150.0,131.76601791381836,80.0
Fire_299,1,537.3501586914062,2,150.0,131.76601791381836,80.0
Fire_170,1,566.885498046875,2,150.0,131.76601791381836,80.0
Fire_241,1,513.6680908203125,2,150.0,131.76601791381836,80.0
Fire_580,1,509.7718811035156,2,150.0,131.76601791381836,80.0
Fire_2,1,535.1685180664062,2,150.0,131.76601791381836,80.0
Fire_90,1,485.4500427246094,2,150.0,131.76601791381836,80.0
Fire_92,1,566.5254516601562,2,150.0,131.76601791381836,80.0
Fire_401,1,576.0811157226562,2,150.0,131.76601791381836,80.0
Fire_198,1,544.4907836914062,2,150.0,131.76601791381836,80.0
Fire_319,1,516.6632080078125,2,150.0,131.76601791381836,80.0
Fire_235,1,508.7938537597656,2,150.0,131.76601791381836,80.0
Fire_346,1,608.6897583007812,2,150.0,131.76601791381836,80.0
Fire_99,1,608.6897583007812,2,150.0,131.76601791381836,80.0
Fire_487,1,608.6897583007812,2,150.0,131.76601791381836,80.0
Fire_140,1,608.6897583007812,2,150.0,131.76601791381836,80.0
Fire_598,1,608.6897583007812,2,150.0,131.76601791381836,80.0
Fire_423,1,608.6897583007812,2,150.0,131.76601791381836,80.0
Fire_369,1,608.6897583007812,2,150.0,131.76601791381836,80.0
Fire_592,1,608.6897583007812,2,150.0,131.76601791381836,80.0
Fire_471,1,608.6897583007812,1,150.0,131.4620018005371,80.0
Fire_440,1,592.6005859375,1,150.0,131.4620018005371,80.0
Fire_226,1,603.854248046875,1,150.0,131.4620018005371,80.0
Fire_118,1,608.6897583007812,1,150.0,131.4620018005371,80.0
Fire_102,1,608.6897583007812,1,150.0,131.4620018005371,80.0
Fire_389,1,608.6897583007812,1,150.0,131.4620018005371,80.0
Fire_230,1,594.9461059570312,1,150.0,131.4620018005371,80.0
Fire_265,1,565.5172729492188,1,150.0,131.4620018005371,80.0
Fire_168,1,608.6897583007812,1,150.0,131.4620018005371,80.0
Fire_209,1,601.0767822265625,1,150.0,131.4620018005371,80.0
Fire_451,1,560.466796875,1,150.0,131.4620018005371,80.0
Fire_611,1,550.406005859375,1,150.0,131.4620018005371,80.0
Fire_594,1,508.1607971191406,1,150.0,131.4620018005371,80.0
Fire_371,1,490.1083679199219,1,150.0,131.4620018005371,80.0
Fire_485,1,503.4203186035156,1,150.0,131.4620018005371,80.0
Fire_100,1,524.2392578125,1,150.0,131.4620018005371,80.0
Fire_367,1,513.6680908203125,1,150.0,131.4620018005371,80.0
Fire_347,1,501.0714416503906,1,150.0,131.4620018005371,80.0
Fire_41,1,482.8808288574219,1,150.0,131.4620018005371,80.0
Fire_95,1,457.6398620605469,1,150.0,131.4620018005371,80.0
Fire_108,1,439.6960144042969,4,150.0,129.9663200378418,80.0
Fire_366,1,412.1909484863281,4,150.0,129.9663200378418,80.0
Fire_318,1,382.6927185058594,4,150.0,129.9663200378418,80.0
Fire_26,1,369.6350402832031,4,150.0,129.9663200378418,80.0
Fire_489,1,373.9071350097656,4,150.0,129.9663200378418,80.0
Fire_239,1,380.6011657714844,4,150.0,129.9663200378418,80.0
Fire_233,1,275.6387023925781,4,150.0,129.9663200378418,80.0
Fire_101,1,264.8242492675781,4,150.0,129.9663200378418,80.0
Fire_54,1,334.6419372558594,4,150.0,129.9663200378418,80.0
Fire_159,1,310.6283264160156,4,150.0,129.9663200378418,80.0
Fire_425,1,233.920654296875,4,150.0,129.9663200378418,80.0
Fire_44,1,212.4559326171875,4,150.0,129.9663200378418,80.0
Fire_426,1,216.73129272460935,4,150.0,129.9663200378418,80.0
Fire_148,1,276.0141906738281,4,150.0,129.9663200378418,80.0
Fire_290,1,274.1968688964844,4,150.0,129.9663200378418,80.0
Fire_312,1,271.7816467285156,4,150.0,129.9663200378418,80.0
Fire_361,1,262.3310241699219,4,150.0,129.9663200378418,80.0
Fire_377,1,260.4363708496094,4,150.0,129.9663200378418,80.0
Fire_509,1,272.7660217285156,4,150.0,129.9663200378418,80.0
Fire_250,1,293.2109069824219,1,150.0,131.4620018005371,80.0
Fire_398,1,314.0871276855469,1,150.0,131.4620018005371,80.0
Fire_174,1,300.2245788574219,1,150.0,131.4620018005371,80.0
Fire_360,1,296.9051818847656,1,150.0,131.4620018005371,80.0
Fire_582,1,305.9364929199219,1,150.0,131.4620018005371,80.0
Fire_329,1,286.3567810058594,1,150.0,131.4620018005371,80.0
Fire_79,1,304.0756530761719,1,150.0,131.4620018005371,80.0
Fire_252,1,298.0464172363281,1,150.0,131.4620018005371,80.0
Fire_107,1,538.8110961914062,2,150.0,131.76601791381836,80.0
Fire_350,1,537.1339721679688,2,150.0,131.76601791381836,80.0
Fire_7,1,475.9017028808594,2,150.0,131.76601791381836,80.0
Fire_3,1,356.9301452636719,2,150.0,131.76601791381836,80.0
Fire_40,1,489.0646667480469,2,150.0,131.76601791381836,80.0
Fire_69,1,440.2782287597656,2,150.0,131.76601791381836,80.0
Fire_286,1,443.8686828613281,2,150.0,131.76601791381836,80.0
Fire_114,1,467.0061340332031,2,150.0,131.76601791381836,80.0
Fire_224,1,557.2573852539062,2,150.0,131.76601791381836,80.0
Fire_563,1,566.3093872070312,2,150.0,131.76601791381836,80.0
Fire_71,1,567.1939697265625,2,150.0,131.76601791381836,80.0
Fire_135,1,558.6460571289062,2,150.0,131.76601791381836,80.0
Fire_297,1,608.6897583007812,2,150.0,131.76601791381836,80.0
Fire_293,1,535.6009521484375,2,150.0,131.76601791381836,80.0
Fire_454,1,519.7111206054688,2,150.0,131.76601791381836,80.0
Fire_15,1,542.669677734375,2,150.0,131.76601791381836,80.0
Fire_618,1,547.7726440429688,2,150.0,131.76601791381836,80.0
Fire_147,1,540.63232421875,2,150.0,131.76601791381836,80.0
Fire_574,1,483.5095520019531,4,150.0,129.9663200378418,80.0
Fire_500,1,488.8307800292969,4,150.0,129.9663200378418,80.0
Fire_338,1,528.2430419921875,4,150.0,129.9663200378418,80.0
Fire_483,1,526.8539428710938,0,150.0,145.95063591003418,80.0
Fire_400,1,511.8919982910156,0,150.0,145.95063591003418,80.0
Fire_307,1,505.0663146972656,0,150.0,145.95063591003418,80.0
Fire_506,1,506.8387145996094,0,150.0,145.95063591003418,80.0
Fire_583,1,520.4513549804688,0,150.0,145.95063591003418,80.0
Fire_208,1,531.81396484375,0,150.0,145.95063591003418,80.0
Fire_172,1,474.5222473144531,0,150.0,145.95063591003418,80.0
Fire_186,1,493.3681335449219,0,150.0,145.95063591003418,80.0
Fire_375,1,528.5313720703125,0,150.0,145.95063591003418,80.0
Fire_85,1,559.530517578125,0,150.0,145.95063591003418,80.0
Fire_231,1,547.8645629882812,0,150.0,145.95063591003418,80.0
Fire_82,1,478.8603210449219,0,150.0,145.95063591003418,80.0
Fire_411,1,498.8867492675781,0,150.0,145.95063591003418,80.0
Fire_565,1,500.2586975097656,0,150.0,145.95063591003418,80.0
Fire_199,1,495.9638977050781,0,150.0,145.95063591003418,80.0
Fire_144,1,410.7255554199219,0,150.0,145.95063591003418,80.0
Fire_262,1,393.1368103027344,0,150.0,145.95063591003418,80.0
Fire_407,1,450.7448425292969,0,150.0,145.95063591003418,80.0
Fire_283,1,449.9117736816406,0,150.0,145.95063591003418,80.0
Fire_237,1,447.8003234863281,0,150.0,145.95063591003418,80.0
Fire_492,1,397.0188903808594,3,150.0,112.77630043029785,80.0
Fire_317,1,411.1274719238281,3,150.0,112.77630043029785,80.0
Fire_605,1,426.2045593261719,3,150.0,112.77630043029785,80.0
Fire_76,1,426.1174011230469,3,150.0,112.77630043029785,80.0
Fire_238,1,345.2502136230469,3,150.0,112.77630043029785,80.0
Fire_167,1,348.1057434082031,3,150.0,112.77630043029785,80.0
Fire_141,1,410.5527038574219,3,150.0,112.77630043029785,80.0
Fire_547,1,391.8246765136719,3,150.0,112.77630043029785,80.0
Fire_496,1,401.1894226074219,3,150.0,112.77630043029785,80.0
Fire_553,1,420.2978210449219,3,150.0,112.77630043029785,80.0
Fire_320,1,454.8475036621094,3,150.0,112.77630043029785,80.0
Fire_217,1,406.9535217285156,3,150.0,112.77630043029785,80.0
Fire_129,1,456.7326354980469,3,150.0,112.77630043029785,80.0
Fire_204,1,464.4508361816406,3,150.0,112.77630043029785,80.0
Fire_214,1,449.2555236816406,3,150.0,112.77630043029785,80.0
Fire_88,1,449.7518615722656,3,150.0,112.77630043029785,80.0
Fire_165,1,268.7480773925781,3,150.0,112.77630043029785,80.0
Fire_308,1,403.7631530761719,3,150.0,112.77630043029785,80.0
Fire_98,1,319.0285339355469,3,150.0,112.77630043029785,80.0
Fire_443,1,391.8246765136719,3,150.0,112.77630043029785,80.0
Fire_271,1,385.4118957519531,4,150.0,129.9663200378418,80.0
Fire_188,1,257.2663269042969,4,150.0,129.9663200378418,80.0
Fire_383,1,461.5762023925781,4,150.0,129.9663200378418,80.0
Fire_473,1,361.9674987792969,4,150.0,129.9663200378418,80.0
Fire_491,1,424.5561828613281,4,150.0,129.9663200378418,80.0
Fire_81,1,481.4264831542969,4,150.0,129.9663200378418,80.0
Fire_390,1,388.3464050292969,4,150.0,129.9663200378418,80.0
Fire_413,1,302.1086730957031,4,150.0,129.9663200378418,80.0
Fire_150,1,363.0576477050781,4,150.0,129.9663200378418,80.0
Fire_60,1,390.9690246582031,4,150.0,129.9663200378418,80.0
Fire_382,1,455.7540588378906,4,150.0,129.9663200378418,80.0
Fire_359,1,433.0802307128906,4,150.0,129.9663200378418,80.0
Fire_145,1,226.53692626953125,4,150.0,129.9663200378418,80.0
Fire_17,1,229.911376953125,4,150.0,129.9663200378418,80.0
Fire_43,1,427.5051574707031,4,150.0,129.9663200378418,80.0
Fire_244,1,441.0915222167969,4,150.0,129.9663200378418,80.0
Fire_584,1,521.2445678710938,4,150.0,129.9663200378418,80.0
Fire_422,1,187.42364501953125,0,150.0,145.95063591003418,80.0
Fire_437,1,187.42364501953125,0,150.0,145.95063591003418,80.0
Fire_14,1,449.2555236816406,0,150.0,145.95063591003418,80.0
Fire_619,1,479.7394104003906,0,150.0,145.95063591003418,80.0
Fire_481,1,504.1431579589844,0,150.0,145.95063591003418,80.0
Fire_476,1,482.7911071777344,0,150.0,145.95063591003418,80.0
Fire_339,1,462.7004699707031,0,150.0,145.95063591003418,80.0
Fire_441,1,378.4964904785156,0,150.0,145.95063591003418,80.0
Fire_420,1,377.7146911621094,0,150.0,145.95063591003418,80.0
Fire_524,1,499.9336242675781,0,150.0,145.95063591003418,80.0
Fire_195,1,397.8609924316406,0,150.0,145.95063591003418,80.0
Fire_162,1,492.1430358886719,0,150.0,145.95063591003418,80.0
Fire_176,1,481.6777038574219,0,150.0,145.95063591003418,80.0
Fire_115,1,480.7084045410156,0,150.0,145.95063591003418,80.0
Fire_240,1,477.2464294433594,0,150.0,145.95063591003418,80.0
Fire_427,1,507.8348693847656,0,150.0,145.95063591003418,80.0
Fire_548,1,498.3810119628906,0,150.0,145.95063591003418,80.0
Fire_242,1,429.1398010253906,0,150.0,145.95063591003418,80.0
Fire_511,1,439.9431457519531,0,150.0,145.95063591003418,80.0
Fire_215,1,487.9493103027344,4,150.0,129.9663200378418,80.0
Fire_316,1,411.6311340332031,4,150.0,129.9663200378418,80.0
Fire_94,1,436.6766052246094,4,150.0,129.9663200378418,80.0
Fire_621,1,483.3478698730469,4,150.0,129.9663200378418,80.0
Fire_434,1,518.249755859375,4,150.0,129.9663200378418,80.0
Fire_573,1,495.2964782714844,4,150.0,129.9663200378418,80.0
Fire_608,1,484.3358459472656,4,150.0,129.9663200378418,80.0
Fire_120,1,514.1729736328125,4,150.0,129.9663200378418,80.0
Fire_192,1,397.8609924316406,4,150.0,129.9663200378418,80.0
Fire_310,1,460.3465270996094,4,150.0,129.9663200378418,80.0
Fire_156,1,522.6337280273438,4,150.0,129.9663200378418,80.0
Fire_528,1,441.0915222167969,4,150.0,129.9663200378418,80.0
Fire_526,1,535.8892211914062,4,150.0,129.9663200378418,80.0
