uid,y,score,fold,thr_default,thr_tuned,mass_yes_no
Fire_394,1,0.962745125164856,0,0.5,0.2510582690078067,0.998509020093647
Fire_332,1,0.9853202910477706,0,0.5,0.2510582690078067,0.998879508328464
Fire_151,1,0.9466541625458952,0,0.5,0.2510582690078067,0.9984018311176456
Fire_191,1,0.952638617949768,0,0.5,0.2510582690078067,0.9985354061039172
Fire_278,1,0.9632175746566212,0,0.5,0.2510582690078067,0.9987769757542092
Fire_322,1,0.9627292335047036,0,0.5,0.2510582690078067,0.9980318733982464
Fire_533,1,0.9761768137476684,0,0.5,0.2510582690078067,0.998713495364356
Fire_458,1,0.9796899341359622,0,0.5,0.2510582690078067,0.998776974577467
Fire_194,1,0.9707260556669872,0,0.5,0.2510582690078067,0.9987836861823876
Fire_187,1,0.9777534264964703,0,0.5,0.2510582690078067,0.998291778556742
Fire_105,1,0.9615614635798868,0,0.5,0.2510582690078067,0.9978859173614796
Fire_269,1,0.952674549628402,0,0.5,0.2510582690078067,0.9982177059087652
Fire_77,1,0.9669642426010192,0,0.5,0.2510582690078067,0.9987499516229243
Fire_374,1,0.9579826351258404,0,0.5,0.2510582690078067,0.998559129498688
Fire_600,1,0.9466784370522816,0,0.5,0.2510582690078067,0.9985415717353368
Fire_181,1,0.9325735280442324,0,0.5,0.2510582690078067,0.9973866170215692
Fire_499,1,0.9152362318927012,2,0.5,0.1194203314476968,0.9986494834734648
NoFire_40,0,0.037367210147075,2,0.5,0.1194203314476968,0.9996192172989288
NoFire_116,0,0.1329801760301558,2,0.5,0.1194203314476968,0.9992011176576384
NoFire_89,0,0.1193725896926893,2,0.5,0.1194203314476968,0.9990955963468612
NoFire_45,0,0.1067014674507891,2,0.5,0.1194203314476968,0.9992091182802127
NoFire_84,0,0.6521511738027362,2,0.5,0.1194203314476968,0.9985736683313038
NoFire_28,0,0.1194278118771094,2,0.5,0.1194203314476968,0.9990932497440276
NoFire_43,0,0.02302263063327,2,0.5,0.1194203314476968,0.9996750284277316
NoFire_90,0,0.0474297417833017,2,0.5,0.1194203314476968,0.9995873827798908
NoFire_34,0,0.0374420662511424,2,0.5,0.1194203314476968,0.9995201108011544
NoFire_69,0,0.0954728887904252,2,0.5,0.1194203314476968,0.9994558429708866
NoFire_22,0,0.037376636860064,2,0.5,0.1194203314476968,0.9995415318015064
NoFire_103,0,0.0331789049474239,2,0.5,0.1194203314476968,0.9995234008903414
NoFire_81,0,0.0124407759081253,2,0.5,0.1194203314476968,0.9997690886009464
NoFire_26,0,0.0373782918197914,2,0.5,0.1194203314476968,0.9996009414602756
NoFire_46,0,0.0203764595201275,2,0.5,0.1194203314476968,0.9996541840895036
NoFire_32,0,0.0851728278607252,2,0.5,0.1194203314476968,0.999183552464096
NoFire_75,0,0.029370616914723,2,0.5,0.1194203314476968,0.9996634330060508
NoFire_60,0,0.1193141013888196,2,0.5,0.1194203314476968,0.9992508125657972
Fire_447,1,0.7065754248602509,2,0.5,0.1194203314476968,0.9985962230218324
Fire_89,1,0.9324714912090102,3,0.5,0.08990759783955027,0.9990207855544004
NoFire_85,0,0.0760051694273533,3,0.5,0.08990759783955027,0.9991937893980052
Fire_28,1,0.9525991956443988,3,0.5,0.08990759783955027,0.9992523068333856
Fire_91,1,0.9530123121096614,3,0.5,0.08990759783955027,0.998690984430004
Fire_459,1,0.8940345296117294,3,0.5,0.08990759783955027,0.9980754020199436
Fire_495,1,0.9149379099151884,3,0.5,0.08990759783955027,0.9990822620209364
Fire_146,1,0.9402215681339596,3,0.5,0.08990759783955027,0.999062793336541
Fire_571,1,0.9528185927066976,3,0.5,0.08990759783955027,0.9992731815109762
Fire_124,1,0.940580354953396,3,0.5,0.08990759783955027,0.999002491085184
Fire_468,1,0.9248362820992404,3,0.5,0.08990759783955027,0.998672209659993
Fire_302,1,0.9404658498304636,3,0.5,0.08990759783955027,0.9988827193947784
Fire_498,1,0.9408169079703598,3,0.5,0.08990759783955027,0.9987938881507372
Fire_6,1,0.946229153581883,3,0.5,0.08990759783955027,0.9986901793308002
Fire_567,1,0.90540694120206,3,0.5,0.08990759783955027,0.9985040450507762
Fire_335,1,0.952183522483144,3,0.5,0.08990759783955027,0.9987538210601306
Fire_112,1,0.9327559110328144,3,0.5,0.08990759783955027,0.9985116943615222
Fire_556,1,0.9328318972144708,3,0.5,0.08990759783955027,0.998286812766479
Fire_203,1,0.9468182717438092,3,0.5,0.08990759783955027,0.998937781988393
Fire_449,1,0.946813807323125,3,0.5,0.08990759783955027,0.9989730114481756
Fire_486,1,0.9327910363973972,3,0.5,0.08990759783955027,0.9989044560543744
Fire_337,1,0.9402327044945488,3,0.5,0.08990759783955027,0.9984328340137536
Fire_137,1,0.9535832098839344,3,0.5,0.08990759783955027,0.9984156934624732
Fire_30,1,0.9579853479381292,3,0.5,0.08990759783955027,0.9971521006750764
Fire_247,1,0.9409546053821272,3,0.5,0.08990759783955027,0.9980964035172274
Fire_448,1,0.9669418152468084,3,0.5,0.08990759783955027,0.998690073725043
Fire_569,1,0.9324882107761368,3,0.5,0.08990759783955027,0.9986325258446586
Fire_348,1,0.940324029167003,3,0.5,0.08990759783955027,0.998258080314188
Fire_544,1,0.9329474800485568,3,0.5,0.08990759783955027,0.9985364625964318
Fire_593,1,0.8817393695229072,3,0.5,0.08990759783955027,0.9981052046314078
Fire_258,1,0.9328151683794452,3,0.5,0.08990759783955027,0.9987349673872556
Fire_418,1,0.9156884681356072,3,0.5,0.08990759783955027,0.998511536544026
Fire_200,1,0.9153577851918652,3,0.5,0.08990759783955027,0.998432136946195
Fire_446,1,0.9334228939390268,3,0.5,0.08990759783955027,0.9981897177544556
NoFire_97,0,0.5927189904516056,3,0.5,0.08990759783955027,0.9989200700413936
NoFire_8,0,0.0374073188760473,3,0.5,0.08990759783955027,0.999609061506952
Fire_334,1,0.9520547557221922,3,0.5,0.08990759783955027,0.9985712425727532
NoFire_30,0,0.0474912475168719,3,0.5,0.08990759783955027,0.9995150438584444
NoFire_49,0,0.033131865370498,3,0.5,0.08990759783955027,0.9994056177789056
NoFire_20,0,0.119397182036383,3,0.5,0.08990759783955027,0.9986824012375836
NoFire_9,0,0.0601869352714717,3,0.5,0.08990759783955027,0.9991004736171128
NoFire_83,0,0.222739870232613,3,0.5,0.08990759783955027,0.998734304164108
NoFire_35,0,0.377221236233596,3,0.5,0.08990759783955027,0.9986478877615592
NoFire_74,0,0.0760943915312235,3,0.5,0.08990759783955027,0.999186693691081
NoFire_51,0,0.0475927176477619,3,0.5,0.08990759783955027,0.9992148226723414
NoFire_111,0,0.0374066414734506,3,0.5,0.08990759783955027,0.9994458111403984
NoFire_38,0,0.0853019461999329,3,0.5,0.08990759783955027,0.9991543538821722
NoFire_61,0,0.0474845794230131,3,0.5,0.08990759783955027,0.999426387206473
NoFire_55,0,0.4073943546745852,3,0.5,0.08990759783955027,0.99836272609905
NoFire_70,0,0.0953611338864361,3,0.5,0.08990759783955027,0.9993420615967272
Fire_157,1,0.8933575688023542,3,0.5,0.08990759783955027,0.9986545024484472
Fire_353,1,0.8938308157943208,3,0.5,0.08990759783955027,0.9984660610951862
Fire_517,1,0.8365626596355784,3,0.5,0.08990759783955027,0.9982482572465732
Fire_575,1,0.9046872921568624,3,0.5,0.08990759783955027,0.9985312243186166
Fire_253,1,0.9325022530515376,3,0.5,0.08990759783955027,0.9985902641193324
Fire_113,1,0.9526080411101536,3,0.5,0.08990759783955027,0.9985258837847074
Fire_562,1,0.9627090741000428,3,0.5,0.08990759783955027,0.9987600149786252
Fire_421,1,0.9335718477708398,3,0.5,0.08990759783955027,0.9984799813577128
Fire_160,1,0.939962976876365,3,0.5,0.08990759783955027,0.9984585060072232
Fire_595,1,0.9153408839311618,3,0.5,0.08990759783955027,0.9985358274382004
Fire_613,1,0.9404529237477344,3,0.5,0.08990759783955027,0.9988401933637888
Fire_10,1,0.946655567839958,3,0.5,0.08990759783955027,0.9987023969369164
Fire_461,1,0.9156698243515062,3,0.5,0.08990759783955027,0.9982079603815802
Fire_538,1,0.8941327669427032,3,0.5,0.08990759783955027,0.9980954417283155
Fire_604,1,0.947556020239012,3,0.5,0.08990759783955027,0.9977085676567096
Fire_70,1,0.9325660205155216,3,0.5,0.08990759783955027,0.9978525709431834
Fire_564,1,0.9466866473223164,3,0.5,0.08990759783955027,0.997641563617532
Fire_34,1,0.940613747681111,3,0.5,0.08990759783955027,0.9981144201189072
Fire_251,1,0.9060294108785856,3,0.5,0.08990759783955027,0.9979306788583288
Fire_510,1,0.9163083388320556,3,0.5,0.08990759783955027,0.9980690870046454
Fire_450,1,0.9329966093616768,3,0.5,0.08990759783955027,0.9982723089611684
Fire_477,1,0.9161144673742728,3,0.5,0.08990759783955027,0.9985699111742484
Fire_614,1,0.9154346842996016,3,0.5,0.08990759783955027,0.9980830670647624
Fire_138,1,0.818776790162114,3,0.5,0.08990759783955027,0.9981408641883028
Fire_121,1,0.8681727297983919,0,0.5,0.2510582690078067,0.9985538581204318
Fire_287,1,0.8816129498035047,0,0.5,0.2510582690078067,0.998815006281886
Fire_408,1,0.7993512918495255,0,0.5,0.2510582690078067,0.9982661736473444
Fire_143,1,0.8938536531393383,0,0.5,0.2510582690078067,0.9988061312755956
Fire_21,1,0.867427204535504,0,0.5,0.2510582690078067,0.9986402097005788
Fire_313,1,0.1480668207928483,0,0.5,0.2510582690078067,0.999088798660268
NoFire_112,0,0.1645384451057694,0,0.5,0.2510582690078067,0.9987073557808924
NoFire_86,0,0.0852437347521443,0,0.5,0.2510582690078067,0.9992909184537232
NoFire_48,0,0.1480721817139237,0,0.5,0.2510582690078067,0.9988270838365508
NoFire_68,0,0.0534090103416105,0,0.5,0.2510582690078067,0.9994864392660852
NoFire_17,0,0.0851111311997177,0,0.5,0.2510582690078067,0.9993747049203944
NoFire_24,0,0.0851558980121911,0,0.5,0.2510582690078067,0.999414605618393
NoFire_62,0,0.0374094193014689,0,0.5,0.2510582690078067,0.9995696184687788
NoFire_36,0,0.0953592975879946,0,0.5,0.2510582690078067,0.999460905831613
NoFire_14,0,0.053461751719753,0,0.5,0.2510582690078067,0.9995736999811488
NoFire_12,0,0.2686155944223617,0,0.5,0.2510582690078067,0.998602485049515
NoFire_59,0,0.3779140082081531,0,0.5,0.2510582690078067,0.9985084130663862
NoFire_101,0,0.2689776931728125,0,0.5,0.2510582690078067,0.998841982108811
NoFire_50,0,0.268995882975839,0,0.5,0.2510582690078067,0.9985681240961988
NoFire_13,0,0.5927553647066824,0,0.5,0.2510582690078067,0.998696547490186
NoFire_1,0,0.1332707434623858,0,0.5,0.2510582690078067,0.9986265010693212
NoFire_95,0,0.0474725707741242,0,0.5,0.2510582690078067,0.9995600378952552
NoFire_77,0,0.0421330111295167,0,0.5,0.2510582690078067,0.9995349253743336
NoFire_110,0,0.0422182712211087,0,0.5,0.2510582690078067,0.9994284097503257
NoFire_67,0,0.0600964264982425,0,0.5,0.2510582690078067,0.9987477836754888
NoFire_39,0,0.0421971013243364,0,0.5,0.2510582690078067,0.9993063489920934
NoFire_16,0,0.0422341487886114,0,0.5,0.2510582690078067,0.9992134762009542
NoFire_37,0,0.2942649903205063,0,0.5,0.2510582690078067,0.998671938884431
NoFire_44,0,0.2229883461118368,0,0.5,0.2510582690078067,0.9987855438863577
NoFire_104,0,0.2942593458556143,0,0.5,0.2510582690078067,0.998697881407525
NoFire_63,0,0.0676104409791596,0,0.5,0.2510582690078067,0.9995590252272806
NoFire_29,0,0.0759307178132614,0,0.5,0.2510582690078067,0.99933854276727
NoFire_92,0,0.2453558613928064,0,0.5,0.2510582690078067,0.9985600341152252
NoFire_56,0,0.269236138624265,0,0.5,0.2510582690078067,0.9982485562636204
Fire_531,1,0.7773445497394786,0,0.5,0.2510582690078067,0.9981866599546434
NoFire_73,0,0.085113957762548,0,0.5,0.2510582690078067,0.99933436870643
NoFire_94,0,0.3776329954372462,0,0.5,0.2510582690078067,0.998169944742497
NoFire_66,0,0.0422530857855838,4,0.5,0.09506569636768594,0.999350176473346
NoFire_18,0,0.0293812315511206,4,0.5,0.09506569636768594,0.9993399264753676
NoFire_6,0,0.2453958807810009,4,0.5,0.09506569636768594,0.9982899583602612
NoFire_54,0,0.222860018714062,4,0.5,0.09506569636768594,0.998916040383316
NoFire_58,0,0.3206133796863415,4,0.5,0.09506569636768594,0.998826424495846
NoFire_3,0,0.2020283718853326,4,0.5,0.09506569636768594,0.9988761527644454
NoFire_114,0,0.2685706245362979,4,0.5,0.09506569636768594,0.9985356429197892
NoFire_102,0,0.5321708223298145,4,0.5,0.09506569636768594,0.9969520981611466
NoFire_4,0,0.1194007980973969,4,0.5,0.09506569636768594,0.9990979735675384
NoFire_80,0,0.3491394938893871,4,0.5,0.09506569636768594,0.9986171523762768
NoFire_11,0,0.2021554572303685,4,0.5,0.09506569636768594,0.9986524150794212
NoFire_106,0,0.2942740698718001,4,0.5,0.09506569636768594,0.9979908631534468
NoFire_79,0,0.0852612196802203,4,0.5,0.09506569636768594,0.99908646546403
NoFire_10,0,0.0850063091820313,4,0.5,0.09506569636768594,0.9993863436067156
NoFire_47,0,0.1332311601950649,4,0.5,0.09506569636768594,0.9986883951902854
NoFire_96,0,0.0475269702904048,4,0.5,0.09506569636768594,0.9992356114945188
NoFire_115,0,0.08510352566216,4,0.5,0.09506569636768594,0.9988296501335808
NoFire_82,0,0.0847041985683201,4,0.5,0.09506569636768594,0.9988677639209574
NoFire_27,0,0.0953310886416066,4,0.5,0.09506569636768594,0.9985617493856024
NoFire_76,0,0.1315815345251491,4,0.5,0.09506569636768594,0.998495480730623
NoFire_105,0,0.1182469715339372,1,0.5,0.09223241361191342,0.998867099633766
NoFire_99,0,0.1045659271376415,1,0.5,0.09223241361191342,0.998040308103774
NoFire_53,0,0.0756626007391366,1,0.5,0.09223241361191342,0.9992438654424132
NoFire_42,0,0.0753947418455734,1,0.5,0.09223241361191342,0.999180238350446
NoFire_108,0,0.067524666074862,1,0.5,0.09223241361191342,0.99933230499234
NoFire_57,0,0.1474960975434783,1,0.5,0.09223241361191342,0.998486848539934
NoFire_88,0,0.0851113533997468,1,0.5,0.09223241361191342,0.9987794586830055
NoFire_109,0,0.0673781549471653,1,0.5,0.09223241361191342,0.999114904147069
NoFire_87,0,0.2451342617976785,1,0.5,0.09223241361191342,0.9985404901450712
NoFire_7,0,0.3469515253674312,1,0.5,0.09223241361191342,0.997982214849414
NoFire_2,0,0.2227521605972088,1,0.5,0.09223241361191342,0.9985123022061452
NoFire_19,0,0.4383790255076222,1,0.5,0.09223241361191342,0.99796948639296
NoFire_33,0,0.0331325992977561,1,0.5,0.09223241361191342,0.9995069120374308
NoFire_23,0,0.2227499522172857,1,0.5,0.09223241361191342,0.9985671971564852
NoFire_98,0,0.1824644600062764,1,0.5,0.09223241361191342,0.9986773893213092
NoFire_71,0,0.1067023118357656,1,0.5,0.09223241361191342,0.9989541990371358
NoFire_52,0,0.0948721875477221,1,0.5,0.09223241361191342,0.9989265789266591
NoFire_21,0,0.094677378651197,1,0.5,0.09223241361191342,0.9985921033941092
NoFire_107,0,0.0753094868806879,1,0.5,0.09223241361191342,0.9986468857974592
NoFire_31,0,0.0534028341471952,1,0.5,0.09223241361191342,0.9992662911127552
NoFire_113,0,0.0758583581303015,2,0.5,0.1194203314476968,0.9988471197497192
NoFire_5,0,0.1186469688332837,2,0.5,0.1194203314476968,0.998637492628164
NoFire_100,0,0.1166553056863557,2,0.5,0.1194203314476968,0.997814308791282
NoFire_72,0,0.1183728980866137,2,0.5,0.1194203314476968,0.998583189018484
Fire_255,1,0.9032595857867496,4,0.5,0.09506569636768594,0.9977529635890722
Fire_419,1,0.9466775156164458,4,0.5,0.09506569636768594,0.9981963144047707
Fire_395,1,0.9066112983043556,4,0.5,0.09506569636768594,0.9980600799662512
Fire_522,1,0.8823823822981733,4,0.5,0.09506569636768594,0.9978388863789086
Fire_190,1,0.932545138818342,4,0.5,0.09506569636768594,0.998077986063096
Fire_576,1,0.9763961000920892,4,0.5,0.09506569636768594,0.9983933531590508
Fire_355,1,0.966939054380683,4,0.5,0.09506569636768594,0.9986785794081144
Fire_234,1,0.9630416734691012,4,0.5,0.09506569636768594,0.9987304889118648
Fire_294,1,0.966957879678364,4,0.5,0.09506569636768594,0.9983581356371344
Fire_493,1,0.9700293674438372,4,0.5,0.09506569636768594,0.998465689215592
Fire_370,1,0.9707202898989832,4,0.5,0.09506569636768594,0.9987062914966264
Fire_309,1,0.9663213966547144,4,0.5,0.09506569636768594,0.998698658393733
Fire_324,1,0.9526178532171038,4,0.5,0.09506569636768594,0.9986345638443748
Fire_277,1,0.9665439539082866,4,0.5,0.09506569636768594,0.9987091527027564
Fire_588,1,0.9325529320231865,4,0.5,0.09506569636768594,0.9976877134263056
Fire_331,1,0.9047915749805026,4,0.5,0.09506569636768594,0.9980443866723008
Fire_104,1,0.9571619061269676,4,0.5,0.09506569636768594,0.9984739406064168
Fire_474,1,0.9579542638221866,4,0.5,0.09506569636768594,0.9985498074730011
Fire_45,1,0.9370952724542886,4,0.5,0.09506569636768594,0.9980151650999532
Fire_502,1,0.9241995613898332,4,0.5,0.09506569636768594,0.9980847951671634
Fire_264,1,0.904721148394518,2,0.5,0.1194203314476968,0.9980530910062264
Fire_210,1,0.9047784001433586,2,0.5,0.1194203314476968,0.9977659349218716
Fire_326,1,0.9647308350231708,2,0.5,0.1194203314476968,0.9984799049222548
Fire_154,1,0.8933925214603542,2,0.5,0.1194203314476968,0.9978252980371184
Fire_80,1,0.9129335247201856,2,0.5,0.1194203314476968,0.9979245144775314
Fire_503,1,0.8672291165124653,2,0.5,0.1194203314476968,0.9974541615852048
Fire_229,1,0.7945267169754433,2,0.5,0.1194203314476968,0.997053165007519
Fire_67,1,0.3468977166837284,2,0.5,0.1194203314476968,0.997184502093764
Fire_501,1,0.6200376717812903,2,0.5,0.1194203314476968,0.9965062827298716
Fire_552,1,0.4379801740840121,2,0.5,0.1194203314476968,0.9959860398117328
Fire_248,1,0.4074239984185184,2,0.5,0.1194203314476968,0.998003205355512
Fire_119,1,0.3202982251579933,2,0.5,0.1194203314476968,0.9986738888029598
Fire_490,1,0.0952592051876498,2,0.5,0.1194203314476968,0.9987736273017812
Fire_452,1,0.6997210512457137,2,0.5,0.1194203314476968,0.9974999200788406
Fire_328,1,0.9024795422378048,2,0.5,0.1194203314476968,0.997392835382792
Fire_546,1,0.922566527920868,2,0.5,0.1194203314476968,0.997551698709918
Fire_520,1,0.924315283870218,2,0.5,0.1194203314476968,0.9980198868241594
Fire_406,1,0.9150757931231128,2,0.5,0.1194203314476968,0.9979558226047004
Fire_292,1,0.925483467864922,2,0.5,0.1194203314476968,0.998203685808538
Fire_341,1,0.9242348761736552,2,0.5,0.1194203314476968,0.9984890663834088
Fire_33,1,0.904800137814149,2,0.5,0.1194203314476968,0.9977905817181963
Fire_68,1,0.9133807729724058,2,0.5,0.1194203314476968,0.998037791380604
Fire_29,1,0.8824545752581048,2,0.5,0.1194203314476968,0.9976238991830436
Fire_579,1,0.940024132379644,2,0.5,0.1194203314476968,0.9981751751656494
Fire_219,1,0.9149986547513498,2,0.5,0.1194203314476968,0.997814491527366
Fire_416,1,0.9254577316493092,2,0.5,0.1194203314476968,0.9981283976806936
Fire_171,1,0.9400095539893144,2,0.5,0.1194203314476968,0.9978215016476236
Fire_436,1,0.9400318735166509,2,0.5,0.1194203314476968,0.9979339836035576
Fire_478,1,0.9399917825372982,2,0.5,0.1194203314476968,0.998278056477534
Fire_559,1,0.9338126072678086,2,0.5,0.1194203314476968,0.998128500906116
Fire_72,1,0.951443777625586,2,0.5,0.1194203314476968,0.9981922085044896
Fire_364,1,0.9325951879588602,2,0.5,0.1194203314476968,0.997998315720624
Fire_279,1,0.9312247070454168,2,0.5,0.1194203314476968,0.9980217284084976
Fire_116,1,0.9466657545189112,2,0.5,0.1194203314476968,0.9984590844089948
Fire_384,1,0.9325111269762398,2,0.5,0.1194203314476968,0.9981581096782188
Fire_387,1,0.9734717318398484,1,0.5,0.09223241361191342,0.998593738234034
Fire_106,1,0.9253254406109594,1,0.5,0.09223241361191342,0.998119334987996
Fire_570,1,0.9242947453686692,1,0.5,0.09223241361191342,0.997433271236004
Fire_216,1,0.951667974194258,1,0.5,0.09223241361191342,0.9983402543834136
Fire_12,1,0.9449105542771868,1,0.5,0.09223241361191342,0.998055775231
Fire_433,1,0.94668493030423,2,0.5,0.1194203314476968,0.9984351106775274
Fire_551,1,0.9325437707385976,2,0.5,0.1194203314476968,0.9982286107241198
Fire_597,1,0.939990581404036,2,0.5,0.1194203314476968,0.9981521693600454
Fire_32,1,0.9662095836938788,2,0.5,0.1194203314476968,0.9982177895960956
Fire_87,1,0.9740651959624334,2,0.5,0.1194203314476968,0.998713091127689
Fire_205,1,0.9890203094782176,2,0.5,0.1194203314476968,0.9992209210686668
Fire_123,1,0.970704641396754,2,0.5,0.1194203314476968,0.9989051233910424
Fire_539,1,0.9770339001220923,2,0.5,0.1194203314476968,0.999176671560175
Fire_221,1,0.989155455091527,2,0.5,0.1194203314476968,0.9993073433552666
Fire_488,1,0.9958344513261808,2,0.5,0.1194203314476968,0.9993391595936226
Fire_581,1,0.9842633556828456,2,0.5,0.1194203314476968,0.9989656128478508
Fire_49,1,0.9902966240758464,2,0.5,0.1194203314476968,0.9993234548317858
Fire_152,1,0.9848928126799408,2,0.5,0.1194203314476968,0.99895213680728
Fire_175,1,0.9734625716971358,2,0.5,0.1194203314476968,0.9987175415127124
Fire_61,1,0.9694257183755416,2,0.5,0.1194203314476968,0.9985465237719696
Fire_504,1,0.9685534313491128,2,0.5,0.1194203314476968,0.9986618403905548
Fire_136,1,0.976000864123698,2,0.5,0.1194203314476968,0.9989300076489012
Fire_513,1,0.9885687799292322,2,0.5,0.1194203314476968,0.999026899669644
Fire_462,1,0.9841293283997978,2,0.5,0.1194203314476968,0.9988295864115972
Fire_376,1,0.9765025445109552,2,0.5,0.1194203314476968,0.9989518119038414
Fire_38,1,0.932507426356704,1,0.5,0.09223241361191342,0.99831685932186
Fire_228,1,0.952645384338728,1,0.5,0.09223241361191342,0.9986680841717652
Fire_385,1,0.922827475463428,1,0.5,0.09223241361191342,0.9979869120610464
Fire_412,1,0.9543487392621818,1,0.5,0.09223241361191342,0.9980697331540408
Fire_9,1,0.9383107110936164,1,0.5,0.09223241361191342,0.9981298812169916
Fire_349,1,0.9225431993313992,1,0.5,0.09223241361191342,0.997878195007331
Fire_227,1,0.8671577452012146,1,0.5,0.09223241361191342,0.9980110214415776
Fire_457,1,0.9189211369369088,1,0.5,0.09223241361191342,0.9974251258213044
Fire_599,1,0.8788276212809777,1,0.5,0.09223241361191342,0.9977625886012178
Fire_530,1,0.8417370618137259,1,0.5,0.09223241361191342,0.9975309587554216
Fire_561,1,0.8781968083878654,1,0.5,0.09223241361191342,0.9974199636080056
Fire_295,1,0.903078183342318,1,0.5,0.09223241361191342,0.99804618073408
Fire_596,1,0.8923940422368491,1,0.5,0.09223241361191342,0.997854375703016
Fire_536,1,0.8900565226187254,1,0.5,0.09223241361191342,0.9971273184890166
Fire_532,1,0.938316512246826,1,0.5,0.09223241361191342,0.9980438443660096
Fire_122,1,0.9257505647617906,1,0.5,0.09223241361191342,0.9981799020012372
Fire_261,1,0.9669565894307692,1,0.5,0.09223241361191342,0.9985991009171956
Fire_51,1,0.9915237890782848,1,0.5,0.09223241361191342,0.9993375701210236
Fire_220,1,0.9948416589811432,1,0.5,0.09223241361191342,0.9993830337874042
Fire_178,1,0.9959351944345992,1,0.5,0.09223241361191342,0.9993447186521436
Fire_56,1,0.9933700817747054,1,0.5,0.09223241361191342,0.9994097864317598
Fire_415,1,0.9946144466702258,1,0.5,0.09223241361191342,0.9991029517436898
Fire_494,1,0.9904343132938276,1,0.5,0.09223241361191342,0.9992969482011416
Fire_117,1,0.9914288778056118,1,0.5,0.09223241361191342,0.9993346684823496
Fire_362,1,0.9799688338483497,1,0.5,0.09223241361191342,0.9989083557794304
Fire_78,1,0.9676861379125552,1,0.5,0.09223241361191342,0.9988701874669056
Fire_610,1,0.9712028607894376,1,0.5,0.09223241361191342,0.9984182300148924
Fire_403,1,0.9947837653807208,1,0.5,0.09223241361191342,0.999354984152626
Fire_550,1,0.989019345673695,1,0.5,0.09223241361191342,0.9992408940821856
Fire_424,1,0.9861523744988464,1,0.5,0.09223241361191342,0.999410203175494
Fire_327,1,0.9770380578811374,1,0.5,0.09223241361191342,0.9988371198721472
Fire_587,1,0.984106627220141,1,0.5,0.09223241361191342,0.9987478637854345
Fire_180,1,0.9669358345179584,1,0.5,0.09223241361191342,0.9987472816304256
Fire_173,1,0.9711570939086334,1,0.5,0.09223241361191342,0.998626858053816
Fire_207,1,0.9226893502684236,1,0.5,0.09223241361191342,0.9980446486928712
Fire_74,1,0.9466583027016652,1,0.5,0.09223241361191342,0.9978474840848548
Fire_185,1,0.9158652956125044,1,0.5,0.09223241361191342,0.9983915587647446
Fire_622,1,0.9459535596601848,1,0.5,0.09223241361191342,0.9985558165889618
Fire_497,1,0.9150288273279916,1,0.5,0.09223241361191342,0.9982306846234416
Fire_601,1,0.8483991688971322,1,0.5,0.09223241361191342,0.996724172665928
Fire_465,1,0.8908782343081738,2,0.5,0.1194203314476968,0.9979199374534836
Fire_212,1,0.8749490650283946,2,0.5,0.1194203314476968,0.997305984031372
Fire_275,1,0.7252776814974079,2,0.5,0.1194203314476968,0.9974403907648728
Fire_273,1,0.848373853265433,2,0.5,0.1194203314476968,0.9971937735514572
Fire_542,1,0.8484259221055015,2,0.5,0.1194203314476968,0.9967643912453784
Fire_31,1,0.8672158102207471,2,0.5,0.1194203314476968,0.9967489828319014
Fire_396,1,0.9914295964990832,3,0.5,0.08990759783955027,0.9990563504129109
Fire_566,1,0.982223510988297,3,0.5,0.08990759783955027,0.99906289797256
Fire_110,1,0.9470394962109532,3,0.5,0.08990759783955027,0.9988341343723816
Fire_256,1,0.9226836696448524,3,0.5,0.08990759783955027,0.9980662604064668
Fire_315,1,0.985945130421313,3,0.5,0.08990759783955027,0.9988301601548112
Fire_428,1,0.9507140415699248,3,0.5,0.08990759783955027,0.9985045229742332
Fire_86,1,0.9861192441160648,3,0.5,0.08990759783955027,0.9990831323489168
Fire_75,1,0.956979700250342,3,0.5,0.08990759783955027,0.9985301096694664
Fire_381,1,0.9733133133944932,3,0.5,0.08990759783955027,0.9989036351447486
Fire_342,1,0.9615546291411724,3,0.5,0.08990759783955027,0.99872594532099
Fire_111,1,0.9823203642394096,3,0.5,0.08990759783955027,0.9989453999576846
Fire_184,1,0.9814718989750386,3,0.5,0.08990759783955027,0.9988717104215008
Fire_391,1,0.977536388008624,3,0.5,0.08990759783955027,0.9988649591087948
Fire_66,1,0.9734193478660988,3,0.5,0.08990759783955027,0.9989270855675796
Fire_22,1,0.9765970459492151,3,0.5,0.08990759783955027,0.9991136729252476
Fire_572,1,0.9567657218743544,3,0.5,0.08990759783955027,0.9985440822772254
Fire_380,1,0.9450002139072868,3,0.5,0.08990759783955027,0.9984555982003752
Fire_131,1,0.9675830988009688,3,0.5,0.08990759783955027,0.9985265768010996
Fire_257,1,0.9687515534554052,3,0.5,0.08990759783955027,0.9987849152814192
Fire_222,1,0.974281882741901,3,0.5,0.08990759783955027,0.9987711605596998
Fire_358,1,0.9658148113432778,1,0.5,0.09223241361191342,0.9987020134055884
Fire_163,1,0.9488942699635792,1,0.5,0.09223241361191342,0.9982006661784852
Fire_541,1,0.9400336559878028,1,0.5,0.09223241361191342,0.997752146629794
Fire_344,1,0.9047484756639796,1,0.5,0.09223241361191342,0.9978889530743824
Fire_603,1,0.9385285635054452,1,0.5,0.09223241361191342,0.9982927094628604
Fire_607,1,0.9261149503577402,1,0.5,0.09223241361191342,0.9980132286669284
Fire_463,1,0.9047772960685144,1,0.5,0.09223241361191342,0.9980148822504148
Fire_263,1,0.8672164365254382,1,0.5,0.09223241361191342,0.9976507207017468
Fire_356,1,0.8673630996212552,1,0.5,0.09223241361191342,0.997193015832522
Fire_65,1,0.8521511361438374,1,0.5,0.09223241361191342,0.997531732804568
Fire_304,1,0.8809353315019628,1,0.5,0.09223241361191342,0.9980402412174246
Fire_1,1,0.9326129345325096,1,0.5,0.09223241361191342,0.9977759691676952
Fire_606,1,0.9527133682834428,1,0.5,0.09223241361191342,0.9982697768416
Fire_431,1,0.9707353543790358,1,0.5,0.09223241361191342,0.9982312639815571
Fire_243,1,0.964940281982367,3,0.5,0.08990759783955027,0.9984618719741446
Fire_340,1,0.9699808876729942,3,0.5,0.08990759783955027,0.9986280250298056
Fire_282,1,0.9616537715703916,3,0.5,0.08990759783955027,0.9984079192690856
Fire_464,1,0.960471773048066,3,0.5,0.08990759783955027,0.9984704707910438
Fire_404,1,0.9438170776302048,3,0.5,0.08990759783955027,0.9982012388953232
Fire_46,1,0.92428651080782,3,0.5,0.08990759783955027,0.9979453538844384
Fire_378,1,0.9376491688507884,3,0.5,0.08990759783955027,0.9976858457479152
Fire_25,1,0.9734082080848084,3,0.5,0.08990759783955027,0.998479097616652
Fire_132,1,0.9780406489576886,3,0.5,0.08990759783955027,0.9986787879230596
Fire_602,1,0.9755742285097396,3,0.5,0.08990759783955027,0.9981970526285688
Fire_169,1,0.9669677101478632,3,0.5,0.08990759783955027,0.9985326359084136
Fire_298,1,0.9526346544965164,3,0.5,0.08990759783955027,0.9984858919783562
Fire_512,1,0.9243384976838672,3,0.5,0.08990759783955027,0.997882520977372
Fire_445,1,0.9511633400703012,3,0.5,0.08990759783955027,0.9985664876042905
Fire_545,1,0.9760989521411194,3,0.5,0.08990759783955027,0.9985794613212636
Fire_484,1,0.9669486661962212,3,0.5,0.08990759783955027,0.9988742216084862
NoFire_15,0,0.0294193760843232,3,0.5,0.08990759783955027,0.9993649982115568
NoFire_41,0,0.0422355995009907,3,0.5,0.08990759783955027,0.9992525304610348
NoFire_65,0,0.0474295101903565,3,0.5,0.08990759783955027,0.9990161686606396
NoFire_91,0,0.0421638223908742,3,0.5,0.08990759783955027,0.9990879332180792
NoFire_93,0,0.0331788965824175,3,0.5,0.08990759783955027,0.999338507046169
NoFire_78,0,0.037496644368397,3,0.5,0.08990759783955027,0.9990873362639896
NoFire_25,0,0.026011176382169,3,0.5,0.08990759783955027,0.9992406096789598
NoFire_64,0,0.0331656907775736,3,0.5,0.08990759783955027,0.9993119988899052
Fire_289,1,0.9799126858655152,1,0.5,0.09223241361191342,0.9992450925865632
Fire_435,1,0.9709303620007886,1,0.5,0.09223241361191342,0.9989530508646974
Fire_206,1,0.9798177795583342,1,0.5,0.09223241361191342,0.9991502510126754
Fire_409,1,0.9891295553389862,1,0.5,0.09223241361191342,0.9990997967530968
Fire_453,1,0.99409184232015,1,0.5,0.09223241361191342,0.9992970486650286
Fire_617,1,0.9822057634450968,1,0.5,0.09223241361191342,0.9993899016278336
Fire_20,1,0.9671564326212616,1,0.5,0.09223241361191342,0.9989405113407483
Fire_354,1,0.9472993428155236,1,0.5,0.09223241361191342,0.9989009773777636
Fire_280,1,0.9710280086727486,1,0.5,0.09223241361191342,0.9990179865689848
Fire_8,1,0.9579382061793202,1,0.5,0.09223241361191342,0.9990900130774536
Fire_223,1,0.9241827806088488,1,0.5,0.09223241361191342,0.9983483879065764
Fire_397,1,0.9582980235886251,1,0.5,0.09223241361191342,0.9988960172207406
Fire_23,1,0.9466467219946556,1,0.5,0.09223241361191342,0.9985201497371384
Fire_55,1,0.9579360773865097,1,0.5,0.09223241361191342,0.9988379625598212
Fire_442,1,0.9143141524405908,1,0.5,0.09223241361191342,0.9986518156005926
Fire_537,1,0.9324925417945774,1,0.5,0.09223241361191342,0.9987866030731184
Fire_232,1,0.9469777860465396,4,0.5,0.09506569636768594,0.9986564010191424
Fire_470,1,0.9671059496710188,0,0.5,0.2510582690078067,0.9991084323572847
Fire_201,1,0.970935318537604,0,0.5,0.2510582690078067,0.9990579015384692
Fire_321,1,0.9710893347362812,0,0.5,0.2510582690078067,0.9990067073924854
Fire_372,1,0.9794230593119222,0,0.5,0.2510582690078067,0.9992494549925504
Fire_589,1,0.977034318238134,0,0.5,0.2510582690078067,0.9991212533802818
Fire_540,1,0.9740529143562114,0,0.5,0.2510582690078067,0.999207349673542
Fire_47,1,0.970902022387901,0,0.5,0.2510582690078067,0.9990542824019628
Fire_306,1,0.9627048479822028,0,0.5,0.2510582690078067,0.9990290571558956
Fire_616,1,0.967265978214656,0,0.5,0.2510582690078067,0.9988816756861236
Fire_130,1,0.9820223263522572,0,0.5,0.2510582690078067,0.9991500220842005
Fire_469,1,0.984106009584264,0,0.5,0.2510582690078067,0.9990176920008492
Fire_585,1,0.958267934812462,0,0.5,0.2510582690078067,0.9989605166388292
Fire_357,1,0.9584506850568616,0,0.5,0.2510582690078067,0.998518509426972
Fire_27,1,0.9531720072260282,0,0.5,0.2510582690078067,0.998450832189744
Fire_83,1,0.957953946922116,0,0.5,0.2510582690078067,0.998483241557153
Fire_521,1,0.9491825067962504,0,0.5,0.2510582690078067,0.9980157364995332
Fire_351,1,0.9380941036832486,0,0.5,0.2510582690078067,0.9977167234839216
Fire_18,1,0.8329076967818293,0,0.5,0.2510582690078067,0.9971694714011252
Fire_139,1,0.928582580621045,0,0.5,0.2510582690078067,0.997889749592466
Fire_392,1,0.9556643993153716,0,0.5,0.2510582690078067,0.9981297122506452
Fire_225,1,0.9383097260716986,4,0.5,0.09506569636768594,0.9982584014417925
Fire_128,1,0.936089115620093,4,0.5,0.09506569636768594,0.9979060185200896
Fire_260,1,0.9564196596396676,4,0.5,0.09506569636768594,0.9981308708616592
Fire_554,1,0.9534000318379476,4,0.5,0.09506569636768594,0.998463607458418
Fire_336,1,0.9526001100344892,4,0.5,0.09506569636768594,0.9987742518109234
Fire_52,1,0.946645569739204,4,0.5,0.09506569636768594,0.9987119105442928
Fire_615,1,0.9324878388237228,4,0.5,0.09506569636768594,0.9987691745493892
Fire_523,1,0.9336261264864136,4,0.5,0.09506569636768594,0.9985158294391971
Fire_558,1,0.9525974738003424,4,0.5,0.09506569636768594,0.998953275129938
Fire_109,1,0.9471915049790276,4,0.5,0.09506569636768594,0.9988384024416108
Fire_155,1,0.9631587001992392,4,0.5,0.09506569636768594,0.9988562528660422
Fire_62,1,0.9409087117478806,4,0.5,0.09506569636768594,0.9987148752005665
Fire_438,1,0.9466745526282724,4,0.5,0.09506569636768594,0.998466215666411
Fire_276,1,0.9466732015925028,4,0.5,0.09506569636768594,0.9984225900595162
Fire_96,1,0.9515260729259396,4,0.5,0.09506569636768594,0.9985191923801676
Fire_399,1,0.9627125768360602,4,0.5,0.09506569636768594,0.9987907307878274
Fire_439,1,0.956767074208675,4,0.5,0.09506569636768594,0.9983517858578372
Fire_133,1,0.9399700300495905,4,0.5,0.09506569636768594,0.9985648675142276
Fire_535,1,0.9707171763922556,4,0.5,0.09506569636768594,0.9987772545076206
Fire_555,1,0.9583052618120091,4,0.5,0.09506569636768594,0.9989629577153746
Fire_519,1,0.9672537826117166,4,0.5,0.09506569636768594,0.9991011886122184
Fire_516,1,0.952934163927213,4,0.5,0.09506569636768594,0.9987609862474603
Fire_414,1,0.9707156919527,4,0.5,0.09506569636768594,0.99879877732131
Fire_410,1,0.9627051986827038,4,0.5,0.09506569636768594,0.9988093396362736
Fire_142,1,0.9629906757877984,4,0.5,0.09506569636768594,0.998947530295712
Fire_158,1,0.9531414937606614,4,0.5,0.09506569636768594,0.998930342887064
Fire_609,1,0.9466613654843604,4,0.5,0.09506569636768594,0.9987883283453513
Fire_514,1,0.9526394240486772,4,0.5,0.09506569636768594,0.9982767506431912
Fire_386,1,0.9466691219605268,4,0.5,0.09506569636768594,0.9984328587045244
Fire_291,1,0.8000430459932965,1,0.5,0.09223241361191342,0.9972629428977252
Fire_127,1,0.8808944634879871,1,0.5,0.09223241361191342,0.9981998205839258
Fire_560,1,0.8500677466526361,1,0.5,0.09223241361191342,0.9979084467194096
Fire_179,1,0.8672246057117318,1,0.5,0.09223241361191342,0.997319451309434
Fire_97,1,0.9123541278660008,1,0.5,0.09223241361191342,0.9983104631234768
Fire_53,1,0.4688801909248465,1,0.5,0.09223241361191342,0.9969449082248776
Fire_166,1,0.2930422461847934,1,0.5,0.09223241361191342,0.9975100076729572
Fire_365,1,0.5288427727670448,1,0.5,0.09223241361191342,0.9967403684757506
Fire_153,1,0.2018068326088635,1,0.5,0.09223241361191342,0.9977466225323556
Fire_620,1,0.622650981114166,1,0.5,0.09223241361191342,0.99667897360714
Fire_246,1,0.4357894321118785,1,0.5,0.09223241361191342,0.9956483600962578
Fire_460,1,0.5180679085711373,1,0.5,0.09223241361191342,0.9958076653656506
Fire_388,1,0.4980948957606836,1,0.5,0.09223241361191342,0.9960125378012692
Fire_405,1,0.5906878713637732,1,0.5,0.09223241361191342,0.99644398226815
Fire_590,1,0.2459141073971355,1,0.5,0.09223241361191342,0.9974473546758724
Fire_11,1,0.2682490891738438,1,0.5,0.09223241361191342,0.9971486550112518
Fire_126,1,0.2670089804559549,1,0.5,0.09223241361191342,0.9976317667078984
Fire_557,1,0.876076818030991,1,0.5,0.09223241361191342,0.9976694421475074
Fire_267,1,0.9619311271219896,1,0.5,0.09223241361191342,0.9987872703857686
Fire_236,1,0.8651298101138026,1,0.5,0.09223241361191342,0.99776113062352
Fire_5,1,0.7550091864406276,4,0.5,0.09506569636768594,0.9976486359897216
Fire_73,1,0.9250812390920672,4,0.5,0.09506569636768594,0.9979618402477334
Fire_311,1,0.8535478018822197,4,0.5,0.09506569636768594,0.997915700072478
Fire_456,1,0.8934352381571361,4,0.5,0.09506569636768594,0.9977850837922012
Fire_4,1,0.9057074667918374,4,0.5,0.09506569636768594,0.9978949516842832
Fire_64,1,0.9313993285087852,4,0.5,0.09506569636768594,0.9980305184268246
Fire_296,1,0.9149966323540112,4,0.5,0.09506569636768594,0.998072217311764
Fire_35,1,0.9455657596479368,4,0.5,0.09506569636768594,0.99799031784384
Fire_417,1,0.8933992952137249,4,0.5,0.09506569636768594,0.9975423586591392
Fire_93,1,0.9627232777999,4,0.5,0.09506569636768594,0.9982662387017744
Fire_39,1,0.9149818373928682,4,0.5,0.09506569636768594,0.9982545197417542
Fire_343,1,0.9149813661921512,4,0.5,0.09506569636768594,0.9979236925948352
Fire_182,1,0.9095844325215836,4,0.5,0.09506569636768594,0.9974656386338244
Fire_578,1,0.9360601203115844,4,0.5,0.09506569636768594,0.997957540174846
Fire_505,1,0.9189002713812824,4,0.5,0.09506569636768594,0.9976638483072476
Fire_266,1,0.8292399331112105,4,0.5,0.09506569636768594,0.9969446486516602
Fire_480,1,0.8177162882272229,4,0.5,0.09506569636768594,0.996941320755446
Fire_301,1,0.6460267852554219,4,0.5,0.09506569636768594,0.9963157145186938
Fire_549,1,0.2218343548307737,4,0.5,0.09506569636768594,0.998753964548166
Fire_177,1,0.7760010215595308,4,0.5,0.09506569636768594,0.9982496444534006
Fire_58,1,0.8298758830423177,2,0.5,0.1194203314476968,0.9981039942345752
Fire_84,1,0.5314028040163007,2,0.5,0.1194203314476968,0.9964992809946688
Fire_577,1,0.9175628276350504,2,0.5,0.1194203314476968,0.9978054895425332
Fire_543,1,0.9325111607367276,2,0.5,0.1194203314476968,0.9985834929086874
Fire_482,1,0.9158353341603404,2,0.5,0.1194203314476968,0.9984840682971484
Fire_50,1,0.961652361548598,2,0.5,0.1194203314476968,0.9986364092630488
Fire_48,1,0.939982960954187,2,0.5,0.1194203314476968,0.9983193413501338
Fire_59,1,0.9579511022215976,2,0.5,0.1194203314476968,0.9988699772303444
Fire_373,1,0.9587166217118416,2,0.5,0.1194203314476968,0.998961635646942
Fire_303,1,0.9627050534272744,2,0.5,0.1194203314476968,0.99856424911166
Fire_444,1,0.9335370477810612,3,0.5,0.08990759783955027,0.9982120346278744
Fire_183,1,0.9333346606569676,3,0.5,0.08990759783955027,0.9982954025330968
Fire_63,1,0.9466682236947856,3,0.5,0.08990759783955027,0.9981827892608932
Fire_245,1,0.9408869102174792,3,0.5,0.08990759783955027,0.9981468561623872
Fire_42,1,0.9627359142696752,3,0.5,0.08990759783955027,0.9984976237113996
Fire_314,1,0.9332916972955776,3,0.5,0.08990759783955027,0.9984153192781352
Fire_197,1,0.933845945304375,3,0.5,0.08990759783955027,0.9984631861757268
Fire_368,1,0.9517179580770732,3,0.5,0.08990759783955027,0.99866208897418
Fire_19,1,0.9325091810327673,3,0.5,0.08990759783955027,0.998549678128354
Fire_274,1,0.9400254496570666,3,0.5,0.08990759783955027,0.9984136922684947
Fire_103,1,0.9571589861002432,3,0.5,0.08990759783955027,0.998347805306123
Fire_568,1,0.961655277150554,3,0.5,0.08990759783955027,0.9983657118806376
Fire_288,1,0.9740717236916052,3,0.5,0.08990759783955027,0.9986718580068652
Fire_24,1,0.9701636274511212,3,0.5,0.08990759783955027,0.9987939022624192
Fire_333,1,0.9620123259549032,3,0.5,0.08990759783955027,0.9984015219865036
Fire_402,1,0.9651126378704435,3,0.5,0.08990759783955027,0.9986640759392869
Fire_305,1,0.9408619530907468,3,0.5,0.08990759783955027,0.9983769034658548
Fire_352,1,0.9466377042724058,3,0.5,0.08990759783955027,0.9981881371376534
Fire_455,1,0.9567788588875312,3,0.5,0.08990759783955027,0.9982878692890846
Fire_249,1,0.9562648727695172,3,0.5,0.08990759783955027,0.998234688556664
Fire_259,1,0.8520573753275313,0,0.5,0.2510582690078067,0.998410177480889
Fire_325,1,0.798298781162533,0,0.5,0.2510582690078067,0.9975969173088006
Fire_612,1,0.7529472662986961,0,0.5,0.2510582690078067,0.9972902801995024
Fire_591,1,0.8521065632069194,0,0.5,0.2510582690078067,0.9980339677807042
Fire_37,1,0.9242358778799435,0,0.5,0.2510582690078067,0.998252810510104
Fire_525,1,0.9466339239430356,0,0.5,0.2510582690078067,0.9986684798043828
Fire_323,1,0.9399793901984616,0,0.5,0.2510582690078067,0.9983637241910556
Fire_393,1,0.9526242377516017,0,0.5,0.2510582690078067,0.9985281900127448
Fire_515,1,0.9454369945718984,0,0.5,0.2510582690078067,0.9985972532426244
Fire_57,1,0.9400292627200794,0,0.5,0.2510582690078067,0.9987881223707284
Fire_284,1,0.9466710230169016,0,0.5,0.2510582690078067,0.9985701045469312
Fire_508,1,0.9387489673203296,0,0.5,0.2510582690078067,0.9982754689678968
Fire_196,1,0.974075241520567,0,0.5,0.2510582690078067,0.998801180114158
Fire_345,1,0.9707109098625982,0,0.5,0.2510582690078067,0.9988164305570664
Fire_164,1,0.9707132060042686,0,0.5,0.2510582690078067,0.9987282831905688
Fire_479,1,0.9627127570996524,0,0.5,0.2510582690078067,0.9986595956145332
Fire_125,1,0.97909891473882,0,0.5,0.2510582690078067,0.9989674066254326
Fire_586,1,0.9699438211612478,0,0.5,0.2510582690078067,0.9987497496273824
Fire_134,1,0.9662483748658574,0,0.5,0.2510582690078067,0.9986224129479506
Fire_379,1,0.3202152794274975,0,0.5,0.2510582690078067,0.9985737276375524
Fire_268,1,0.163521036456255,0,0.5,0.2510582690078067,0.9982916103120244
Fire_281,1,0.1642160684666222,0,0.5,0.2510582690078067,0.998484835628508
Fire_518,1,0.2018459817995786,0,0.5,0.2510582690078067,0.9985967945880644
Fire_507,1,0.0260030540626518,0,0.5,0.2510582690078067,0.999333509745815
Fire_189,1,0.0421941219293773,0,0.5,0.2510582690078067,0.9991177074589604
Fire_211,1,0.0331301709535337,0,0.5,0.2510582690078067,0.9993271107668938
Fire_466,1,0.0677298747839506,0,0.5,0.2510582690078067,0.999318905837505
Fire_430,1,0.0474335093589921,0,0.5,0.2510582690078067,0.9994050461371722
Fire_330,1,0.1195549728953131,0,0.5,0.2510582690078067,0.9992582141575136
Fire_529,1,0.0535288743862996,0,0.5,0.2510582690078067,0.9993721617571616
Fire_432,1,0.1194398647979967,0,0.5,0.2510582690078067,0.999207527410736
Fire_285,1,0.147882973669966,0,0.5,0.2510582690078067,0.9991209783032646
Fire_213,1,0.2221244292224245,0,0.5,0.2510582690078067,0.999128609244246
Fire_218,1,0.0945433109677856,0,0.5,0.2510582690078067,0.9988667801954694
Fire_202,1,0.3452961882042848,0,0.5,0.2510582690078067,0.9986362325134336
Fire_36,1,0.222151330847892,0,0.5,0.2510582690078067,0.9988566228595208
Fire_270,1,0.4689113325779156,0,0.5,0.2510582690078067,0.998595352149532
Fire_472,1,0.3193416966377309,0,0.5,0.2510582690078067,0.9985944795131744
Fire_467,1,0.0843405481575208,0,0.5,0.2510582690078067,0.9990324973967794
Fire_534,1,0.0945421986399676,0,0.5,0.2510582690078067,0.998866386636234
Fire_527,1,0.0852836620702276,0,0.5,0.2510582690078067,0.9989902665031364
Fire_16,1,0.2406107982436651,2,0.5,0.1194203314476968,0.9984346795168416
Fire_161,1,0.814786397898398,2,0.5,0.1194203314476968,0.9980780032390604
Fire_475,1,0.7311694140622498,2,0.5,0.1194203314476968,0.9978334924200484
Fire_193,1,0.7863292010292523,2,0.5,0.1194203314476968,0.9968046076477386
Fire_272,1,0.3167497463891588,2,0.5,0.1194203314476968,0.9981623688699944
Fire_363,1,0.4635987525863127,2,0.5,0.1194203314476968,0.9980204377232732
Fire_254,1,0.3487733566308754,2,0.5,0.1194203314476968,0.9968527625520118
Fire_149,1,0.6189632699533498,2,0.5,0.1194203314476968,0.9958829219609252
Fire_300,1,0.8177104999357216,2,0.5,0.1194203314476968,0.9980472639884984
Fire_13,1,0.8501095981185709,2,0.5,0.1194203314476968,0.9973797964690474
Fire_429,1,0.8671429753777701,2,0.5,0.1194203314476968,0.9980499712901892
Fire_299,1,0.9232056729545224,2,0.5,0.1194203314476968,0.9985308580221568
Fire_170,1,0.9579827089011954,2,0.5,0.1194203314476968,0.9977833930897804
Fire_241,1,0.8948180653551016,2,0.5,0.1194203314476968,0.9981789162634972
Fire_580,1,0.9466312932959284,2,0.5,0.1194203314476968,0.9986018731235036
Fire_2,1,0.9466386406590293,2,0.5,0.1194203314476968,0.9984977107671624
Fire_90,1,0.9627037081168018,2,0.5,0.1194203314476968,0.998881346804663
Fire_92,1,0.9310024365758732,2,0.5,0.1194203314476968,0.9980775414672428
Fire_401,1,0.9242467664776026,2,0.5,0.1194203314476968,0.997942227267228
Fire_198,1,0.9389758424939576,2,0.5,0.1194203314476968,0.9983527382278986
Fire_319,1,0.924257730832609,2,0.5,0.1194203314476968,0.9982373296933836
Fire_235,1,0.9132880574891769,2,0.5,0.1194203314476968,0.9978462361263334
Fire_346,1,0.9399531870848148,2,0.5,0.1194203314476968,0.9982209882886224
Fire_99,1,0.9740716973475304,2,0.5,0.1194203314476968,0.9988830144558692
Fire_487,1,0.9669534254996316,2,0.5,0.1194203314476968,0.99869300862789
Fire_140,1,0.9669411355304184,2,0.5,0.1194203314476968,0.998669777968963
Fire_598,1,0.9616451568022006,2,0.5,0.1194203314476968,0.9981615374023264
Fire_423,1,0.9696241758459394,2,0.5,0.1194203314476968,0.9984355751536544
Fire_369,1,0.96590442314098,2,0.5,0.1194203314476968,0.9986401617947908
Fire_592,1,0.9690862148074016,2,0.5,0.1194203314476968,0.9987706250001476
Fire_471,1,0.9669421562907314,1,0.5,0.09223241361191342,0.998505622846934
Fire_440,1,0.9512788892582414,1,0.5,0.09223241361191342,0.998250520091378
Fire_226,1,0.925306870910312,1,0.5,0.09223241361191342,0.9981852812914156
Fire_118,1,0.8808522149374212,1,0.5,0.09223241361191342,0.997773311048382
Fire_102,1,0.89441997932522,1,0.5,0.09223241361191342,0.9981283754140664
Fire_389,1,0.8681319631948275,1,0.5,0.09223241361191342,0.9980745266712444
Fire_230,1,0.9466696568506812,1,0.5,0.09223241361191342,0.9985833305431692
Fire_265,1,0.9579877337310164,1,0.5,0.09223241361191342,0.998276333893651
Fire_168,1,0.9242745469669952,1,0.5,0.09223241361191342,0.997746534492132
Fire_209,1,0.9254891268861922,1,0.5,0.09223241361191342,0.9979261184303004
Fire_451,1,0.9434779428273627,1,0.5,0.09223241361191342,0.9980151938570736
Fire_611,1,0.9416372215849068,1,0.5,0.09223241361191342,0.9981876147492696
Fire_594,1,0.8809354440348255,1,0.5,0.09223241361191342,0.9981715904810424
Fire_371,1,0.9660158709812806,1,0.5,0.09223241361191342,0.9986595265207832
Fire_485,1,0.9309104547349094,1,0.5,0.09223241361191342,0.998005971498377
Fire_100,1,0.9049350125246982,1,0.5,0.09223241361191342,0.9975097916210804
Fire_367,1,0.95142283805922,1,0.5,0.09223241361191342,0.9982316254033012
Fire_347,1,0.941220484629187,1,0.5,0.09223241361191342,0.9982250194806978
Fire_41,1,0.9300951255306922,1,0.5,0.09223241361191342,0.9978100657181144
Fire_95,1,0.92427142327621,1,0.5,0.09223241361191342,0.997935427193682
Fire_108,1,0.9400270012877556,4,0.5,0.09506569636768594,0.99815557425277
Fire_366,1,0.9448602891902216,4,0.5,0.09506569636768594,0.9982720401738322
Fire_318,1,0.925181585840658,4,0.5,0.09506569636768594,0.9983161010234448
Fire_26,1,0.9304814657460696,4,0.5,0.09506569636768594,0.997994397521729
Fire_489,1,0.8671563050157843,4,0.5,0.09506569636768594,0.9978945612385116
Fire_239,1,0.9106119974589162,4,0.5,0.09506569636768594,0.9977139084783504
Fire_233,1,0.9488680355269592,4,0.5,0.09506569636768594,0.9985142579230588
Fire_101,1,0.9360522572417906,4,0.5,0.09506569636768594,0.9984909428795972
Fire_54,1,0.9314266964410076,4,0.5,0.09506569636768594,0.9984919208114028
Fire_159,1,0.9022191200863724,4,0.5,0.09506569636768594,0.9982650534837172
Fire_425,1,0.9488706728458212,4,0.5,0.09506569636768594,0.9988131548789388
Fire_44,1,0.9492095396884724,4,0.5,0.09506569636768594,0.99845765082426
Fire_426,1,0.925860121266294,4,0.5,0.09506569636768594,0.997900154220699
Fire_148,1,0.90796024383369,4,0.5,0.09506569636768594,0.99788950290473
Fire_290,1,0.9253111355307732,4,0.5,0.09506569636768594,0.997975038484468
Fire_312,1,0.9281450364555042,4,0.5,0.09506569636768594,0.9980169660959102
Fire_361,1,0.9120205605016428,4,0.5,0.09506569636768594,0.9978315456343828
Fire_377,1,0.9167876866558784,4,0.5,0.09506569636768594,0.9978704423078766
Fire_509,1,0.9119757824898128,4,0.5,0.09506569636768594,0.9976381052671908
Fire_250,1,0.9132918277302812,1,0.5,0.09223241361191342,0.9979086578500832
Fire_398,1,0.9219430764199028,1,0.5,0.09223241361191342,0.9979903644196731
Fire_174,1,0.9047440773173332,1,0.5,0.09223241361191342,0.9975669457458106
Fire_360,1,0.9306616417440096,1,0.5,0.09223241361191342,0.9980000556569996
Fire_582,1,0.9219502865814404,1,0.5,0.09223241361191342,0.9979350326819924
Fire_329,1,0.8957061367224106,1,0.5,0.09223241361191342,0.9980531888150262
Fire_79,1,0.9047565694311084,1,0.5,0.09223241361191342,0.9975534100200651
Fire_252,1,0.9047397006215326,1,0.5,0.09223241361191342,0.998109433931588
Fire_107,1,0.946658988183476,2,0.5,0.1194203314476968,0.9982426994643684
Fire_350,1,0.9399871132050582,2,0.5,0.1194203314476968,0.9983479493682518
Fire_7,1,0.932582065369642,2,0.5,0.1194203314476968,0.99843087225922
Fire_3,1,0.8644428693438719,2,0.5,0.1194203314476968,0.9975128507376256
Fire_40,1,0.8943710825081835,2,0.5,0.1194203314476968,0.9983330430605404
Fire_69,1,0.7028131979068374,2,0.5,0.1194203314476968,0.9964689228783632
Fire_286,1,0.7313485714549703,2,0.5,0.1194203314476968,0.9973718674322116
Fire_114,1,0.8933892245645576,2,0.5,0.1194203314476968,0.9978653352397596
Fire_224,1,0.8809071141097325,2,0.5,0.1194203314476968,0.9980688197319296
Fire_563,1,0.905396422129875,2,0.5,0.1194203314476968,0.99833541741075
Fire_71,1,0.9242228359649716,2,0.5,0.1194203314476968,0.9974042327932788
Fire_135,1,0.9242193951354633,2,0.5,0.1194203314476968,0.9979545466889224
Fire_297,1,0.9149619550689304,2,0.5,0.1194203314476968,0.9980023251802208
Fire_293,1,0.9149719874720724,2,0.5,0.1194203314476968,0.9981993261429176
Fire_454,1,0.5624061872327266,2,0.5,0.1194203314476968,0.9977335929856648
Fire_15,1,0.7764254868639859,2,0.5,0.1194203314476968,0.9974218641673166
Fire_618,1,0.8356047041421057,2,0.5,0.1194203314476968,0.9971376937689296
Fire_147,1,0.4379781053479824,2,0.5,0.1194203314476968,0.9968543546994012
Fire_574,1,0.8659022664637694,4,0.5,0.09506569636768594,0.9976199653666674
Fire_500,1,0.7755527380471985,4,0.5,0.09506569636768594,0.9974683383226955
Fire_338,1,0.8998320122394496,4,0.5,0.09506569636768594,0.9976842698187144
Fire_483,1,0.8503488565346192,0,0.5,0.2510582690078067,0.9973314995745716
Fire_400,1,0.9242204544294672,0,0.5,0.2510582690078067,0.99840377332989
Fire_307,1,0.8521160329980755,0,0.5,0.2510582690078067,0.9973408405486124
Fire_506,1,0.9242115486311268,0,0.5,0.2510582690078067,0.9984528351338822
Fire_583,1,0.945429067302468,0,0.5,0.2510582690078067,0.9985231328805874
Fire_208,1,0.817796729800953,0,0.5,0.2510582690078067,0.9975355665381134
Fire_172,1,0.7962260264524381,0,0.5,0.2510582690078067,0.9971256841272708
Fire_186,1,0.9242685748260062,0,0.5,0.2510582690078067,0.9983048140157555
Fire_375,1,0.9381767946433662,0,0.5,0.2510582690078067,0.9980741453102726
Fire_85,1,0.9510981865709586,0,0.5,0.2510582690078067,0.9983346430535144
Fire_231,1,0.9017019650645772,0,0.5,0.2510582690078067,0.9976709625706864
Fire_82,1,0.9551523467853712,0,0.5,0.2510582690078067,0.9980334881155272
Fire_411,1,0.938447889079261,0,0.5,0.2510582690078067,0.9978039656495762
Fire_565,1,0.9024344320163542,0,0.5,0.2510582690078067,0.99745734739355
Fire_199,1,0.8646185483397665,0,0.5,0.2510582690078067,0.9972206651201638
Fire_144,1,0.7957463675482003,0,0.5,0.2510582690078067,0.9971177736158084
Fire_262,1,0.9030186219375022,0,0.5,0.2510582690078067,0.99796677055467
Fire_407,1,0.7521959254153051,0,0.5,0.2510582690078067,0.9974315437843042
Fire_283,1,0.8153731580823329,0,0.5,0.2510582690078067,0.9975889305350076
Fire_237,1,0.8326226557071205,0,0.5,0.2510582690078067,0.997630105198646
Fire_492,1,0.7014851044942275,3,0.5,0.08990759783955027,0.9971274413598952
Fire_317,1,0.8632456615129015,3,0.5,0.08990759783955027,0.9974053691775392
Fire_605,1,0.815592587354161,3,0.5,0.08990759783955027,0.9969013000264056
Fire_76,1,0.9364351381576684,3,0.5,0.08990759783955027,0.9980850092886164
Fire_238,1,0.3469039960749743,3,0.5,0.08990759783955027,0.9979306127590132
Fire_167,1,0.1645042786570915,3,0.5,0.08990759783955027,0.9986726014832992
Fire_141,1,0.8613004405542738,3,0.5,0.08990759783955027,0.9972770166309812
Fire_547,1,0.731262141397546,3,0.5,0.08990759783955027,0.9967734848796084
Fire_496,1,0.7756838872624136,3,0.5,0.08990759783955027,0.9974140075438656
Fire_553,1,0.5928613881307309,3,0.5,0.08990759783955027,0.9970033951752908
Fire_320,1,0.5252554623663501,3,0.5,0.08990759783955027,0.9960978143553988
Fire_217,1,0.1329468802958761,3,0.5,0.08990759783955027,0.9986665115870952
Fire_129,1,0.3756151093601294,3,0.5,0.08990759783955027,0.9965167208466302
Fire_204,1,0.5870064146955473,3,0.5,0.08990759783955027,0.996373072867411
Fire_214,1,0.2917886208457563,3,0.5,0.08990759783955027,0.9981829432497452
Fire_88,1,0.4965853476915671,3,0.5,0.08990759783955027,0.9953110058863656
Fire_165,1,0.3208695385122093,3,0.5,0.08990759783955027,0.9976471998176129
Fire_308,1,0.2214730703454468,3,0.5,0.08990759783955027,0.9973794042693966
Fire_98,1,0.4689694603529711,3,0.5,0.08990759783955027,0.9972840377145172
Fire_443,1,0.5297638573381441,3,0.5,0.08990759783955027,0.9977695641328022
Fire_271,1,0.7287843675221106,4,0.5,0.09506569636768594,0.9977163377011792
Fire_188,1,0.2682916671992628,4,0.5,0.09506569636768594,0.998093236214762
Fire_383,1,0.1326427410888628,4,0.5,0.09506569636768594,0.9991223866868304
Fire_473,1,0.4979487623613053,4,0.5,0.09506569636768594,0.99765104113273
Fire_491,1,0.3487431944993367,4,0.5,0.09506569636768594,0.9982073788812944
Fire_81,1,0.4054070683717681,4,0.5,0.09506569636768594,0.9986083541728524
Fire_390,1,0.8769412844689479,4,0.5,0.09506569636768594,0.9978039055915612
Fire_413,1,0.9306816630129824,4,0.5,0.09506569636768594,0.9980191552236634
Fire_150,1,0.904736539990773,4,0.5,0.09506569636768594,0.9979956537106252
Fire_60,1,0.9599888758417092,4,0.5,0.09506569636768594,0.9981152811476284
Fire_382,1,0.9570692893011452,4,0.5,0.09506569636768594,0.9982327294920766
Fire_359,1,0.9556433354814036,4,0.5,0.09506569636768594,0.998196289782248
Fire_145,1,0.8356682300208116,4,0.5,0.09506569636768594,0.9975926063846178
Fire_17,1,0.7774148943069235,4,0.5,0.09506569636768594,0.9977452538884708
Fire_43,1,0.8809155258485025,4,0.5,0.09506569636768594,0.9980415171414166
Fire_244,1,0.9424818253417012,4,0.5,0.09506569636768594,0.9982363663266364
Fire_584,1,0.9455426558930358,4,0.5,0.09506569636768594,0.9985780040777908
Fire_422,1,0.7551523630590482,0,0.5,0.2510582690078067,0.9971657670664732
Fire_437,1,0.7960195821731216,0,0.5,0.2510582690078067,0.997160603907687
Fire_14,1,0.7551101566918709,0,0.5,0.2510582690078067,0.9974042650206988
Fire_619,1,0.6486920734852991,0,0.5,0.2510582690078067,0.9968288304940254
Fire_481,1,0.6486713246491002,0,0.5,0.2510582690078067,0.9960960975631946
Fire_476,1,0.9448687382696476,0,0.5,0.2510582690078067,0.9981834447403896
Fire_339,1,0.9149934091766956,0,0.5,0.2510582690078067,0.9976553913374088
Fire_441,1,0.5623364787752877,0,0.5,0.2510582690078067,0.9964123777296836
Fire_420,1,0.8176926766093947,0,0.5,0.2510582690078067,0.9975237673244206
Fire_524,1,0.9206245202863832,0,0.5,0.2510582690078067,0.9977866093879942
Fire_195,1,0.964922974649744,0,0.5,0.2510582690078067,0.9985247149826084
Fire_162,1,0.9466617383040892,0,0.5,0.2510582690078067,0.9982172939786814
Fire_176,1,0.93998584641667,0,0.5,0.2510582690078067,0.9979896591653464
Fire_115,1,0.9026798366268522,0,0.5,0.2510582690078067,0.9978479437062402
Fire_240,1,0.9217522126136384,0,0.5,0.2510582690078067,0.9977388130071893
Fire_427,1,0.9128861381370698,0,0.5,0.2510582690078067,0.9980327374697228
Fire_548,1,0.908548943066804,0,0.5,0.2510582690078067,0.9979376871774072
Fire_242,1,0.9150040819778664,0,0.5,0.2510582690078067,0.9981913470077668
Fire_511,1,0.833637845494463,0,0.5,0.2510582690078067,0.997445327668385
Fire_215,1,0.954907481371332,4,0.5,0.09506569636768594,0.998124543936432
Fire_316,1,0.9515370287546296,4,0.5,0.09506569636768594,0.9985325437196336
Fire_94,1,0.9047161670184398,4,0.5,0.09506569636768594,0.9981910471826344
Fire_621,1,0.8808756261036222,4,0.5,0.09506569636768594,0.9980560124274974
Fire_434,1,0.9719995588411112,4,0.5,0.09506569636768594,0.998378593334252
Fire_573,1,0.9047482194732974,4,0.5,0.09506569636768594,0.9982679571759122
Fire_608,1,0.9332912756451276,4,0.5,0.09506569636768594,0.9984730431389204
Fire_120,1,0.9400287851545608,4,0.5,0.09506569636768594,0.998281177703918
Fire_192,1,0.9149730511093448,4,0.5,0.09506569636768594,0.998374612998972
Fire_310,1,0.8808946479715423,4,0.5,0.09506569636768594,0.9979308090321574
Fire_156,1,0.6226278943965449,4,0.5,0.09506569636768594,0.9977945172907502
Fire_528,1,0.9627532384748988,4,0.5,0.09506569636768594,0.9981828147244226
Fire_526,1,0.9574202420166578,4,0.5,0.09506569636768594,0.9988368973409348
