model,recall,precision,f1,specificity,rec_ci,spec_ci,roc_auc,pr_auc,tuned_recall,tuned_spec,tuned_prec,mixed_flight_fire_recall,small_fire_recall,fp,fn
B0_constant_fire,1.0,0.8428184281842819,0.9147058823529411,0.0,1.00-1.00,0.00-0.00,0.5,0.8428184281842819,1.0,0.0,0.8428184281842819,1.0,1.0,116,0
B1_maxtemp_rule,0.9983922829581994,1.0,0.999195494770716,1.0,0.99-1.00,1.00-1.00,1.0,1.0,0.9983922829581994,1.0,1.0,0.9878048780487805,0.9818181818181818,0,1
B2_thermaljpg_darkness,0.5932475884244373,1.0,0.7447023208879919,1.0,0.47-0.70,1.00-1.00,0.9999722807406586,0.9999948470607635,0.932475884244373,1.0,1.0,0.1951219512195122,0.16363636363636364,0,253
P1_dinov2b_probe_rgb,0.9823151125401929,1.0,0.9910786699107866,1.0,0.95-1.00,1.00-1.00,0.9991268433307463,0.9998425454468935,0.9758842443729904,1.0,1.0,0.9512195121951219,0.9454545454545454,0,11
P1_dinov2b_probe_rgb_16shot,0.977491961414791,1.0,0.9886178861788618,1.0,0.95-1.00,1.00-1.00,0.9995287725911964,0.999915926399608,0.9662379421221865,1.0,1.0,0.9146341463414634,0.8909090909090909,0,14
P1_dinov2b_probe_rgb_16shot_seed1,0.9758842443729904,1.0,0.9877949552481692,1.0,0.95-1.00,1.00-1.00,0.999681228517574,0.9999426705550987,0.9646302250803859,1.0,1.0,0.926829268292683,0.9090909090909091,0,15
P1_dinov2b_probe_rgb_16shot_seed2,0.9790996784565916,1.0,0.9894394800974817,1.0,0.95-1.00,1.00-1.00,0.9986417562922719,0.9997590309920494,0.9758842443729904,1.0,1.0,0.9146341463414634,0.8909090909090909,0,13
P2_dinov2b_probe_thermal,0.9935691318327974,1.0,0.996774193548387,1.0,0.98-1.00,1.00-1.00,0.9999861403703293,0.9999974193947965,0.9935691318327974,1.0,1.0,0.975609756097561,0.9636363636363636,0,4
P2_dinov2b_probe_thermal_16shot,0.9758842443729904,1.0,0.9877949552481692,1.0,0.95-1.00,1.00-1.00,0.9986417562922719,0.9997557115846638,0.954983922829582,1.0,1.0,0.8658536585365854,0.8181818181818182,0,15
P2_dinov2b_probe_thermal_16shot_seed1,0.9581993569131833,1.0,0.9786535303776683,1.0,0.91-0.99,1.00-1.00,0.9987110544406252,0.9997660067089307,0.927652733118971,0.9913793103448276,0.9982698961937716,0.7317073170731707,0.7272727272727273,0,26
P2_dinov2b_probe_thermal_16shot_seed2,0.9903536977491961,1.0,0.9951534733441034,1.0,0.98-1.00,1.00-1.00,0.9995564918505377,0.9999193372281439,0.9726688102893891,0.9913793103448276,0.9983498349834984,0.9634146341463414,0.9454545454545454,0,6
P3_dinov2b_probe_fused,0.9967845659163987,1.0,0.998389694041868,1.0,0.99-1.00,1.00-1.00,1.0,1.0,0.9935691318327974,1.0,1.0,0.975609756097561,0.9818181818181818,0,2
P4_clipL14_probe_rgb,0.9919614147909968,1.0,0.9959644874899112,1.0,0.98-1.00,1.00-1.00,0.9999029825923051,0.9999819976388014,0.9871382636655949,1.0,1.0,0.9634146341463414,0.9454545454545454,0,5
P4_clipL14_probe_rgb_16shot,0.9678456591639871,1.0,0.9836601307189543,1.0,0.91-1.00,1.00-1.00,0.9986971948109546,0.9997676200164566,0.9598070739549839,0.9827586206896551,0.996661101836394,0.9634146341463414,0.9454545454545454,0,20
P4_clipL14_probe_rgb_16shot_seed1,0.9662379421221865,1.0,0.9828291087489779,1.0,0.91-1.00,1.00-1.00,0.9996396496285619,0.9999331929163333,0.9614147909967846,0.9741379310344828,0.9950083194675541,0.9634146341463414,0.9454545454545454,0,21
P4_clipL14_probe_rgb_16shot_seed2,0.9871382636655949,1.0,0.9935275080906149,1.0,0.97-1.00,1.00-1.00,0.9996673688879033,0.9999385277415445,0.9758842443729904,0.9396551724137931,0.988599348534202,0.9634146341463414,0.9454545454545454,0,8
P5_siglip2_probe_rgb,0.9903536977491961,1.0,0.9951534733441034,1.0,0.97-1.00,1.00-1.00,0.9998059651846103,0.9999646100022246,0.9855305466237942,1.0,1.0,0.9878048780487805,0.9818181818181818,0,6
P5_siglip2_probe_rgb_16shot,0.9694533762057878,1.0,0.9844897959183674,1.0,0.92-1.00,1.00-1.00,0.9999168422219759,0.9999846396460974,0.9678456591639871,1.0,1.0,0.9634146341463414,0.9454545454545454,0,19
P5_siglip2_probe_rgb_16shot_seed1,0.9742765273311897,1.0,0.9869706840390879,1.0,0.93-1.00,1.00-1.00,0.999861403703293,0.9999745614392122,0.9694533762057878,1.0,1.0,0.975609756097561,0.9636363636363636,0,16
P5_siglip2_probe_rgb_16shot_seed2,0.9935691318327974,1.0,0.996774193548387,1.0,0.99-1.00,1.00-1.00,0.9996535092582327,0.9999378780122952,0.9742765273311897,1.0,1.0,0.975609756097561,0.9636363636363636,0,4
V1_molmo2_4b,0.4003215434083601,1.0,0.5717566016073479,1.0,0.28-0.53,1.00-1.00,0.9927929925712384,0.9987135958090381,0.9662379421221865,0.8879310344827587,0.9788273615635179,0.5487804878048781,0.38181818181818183,0,373
V3_qwen35_0p8b,0.909967845659164,0.9929824561403509,0.9496644295302014,0.9655172413793104,0.83-0.98,0.93-0.99,0.9767435414125735,0.9958934642779578,0.9678456591639871,0.6293103448275862,0.9333333333333333,0.9878048780487805,0.9636363636363636,4,56
Z1_clipL14_zeroshot_rgb,0.9871382636655949,1.0,0.9935275080906149,1.0,0.97-1.00,1.00-1.00,0.9997505266659275,0.9999545198669145,0.9871382636655949,1.0,1.0,0.926829268292683,0.9090909090909091,0,8
Z1_clipL14_zeroshot_thermal,0.6189710610932476,1.0,0.7646474677259186,1.0,0.49-0.76,1.00-1.00,0.9565223417230291,0.9917208334438222,0.977491961414791,0.5431034482758621,0.9198184568835098,0.21951219512195122,0.43636363636363634,0,237
Z2_siglip2_zeroshot_rgb,0.9180064308681672,1.0,0.9572506286672255,1.0,0.85-0.97,1.00-1.00,0.9992931588867945,0.999874061703444,0.9758842443729904,0.9913793103448276,0.9983552631578947,0.5853658536585366,0.5636363636363636,0,51
Z2_siglip2_zeroshot_thermal,0.08360128617363344,1.0,0.1543026706231454,1.0,0.04-0.13,1.00-1.00,0.9647549617474221,0.9921107322309226,0.9726688102893891,0.7844827586206896,0.9603174603174603,0.0,0.0,0,570
Z3_firevit_edbianchi_rgb,0.680064308681672,1.0,0.8095693779904306,1.0,0.56-0.78,1.00-1.00,0.9308127286838896,0.9882055916369284,0.9292604501607717,0.25,0.869172932330827,0.17073170731707318,0.38181818181818183,0,199
Z4_forestfire_siglip2_rgb,0.8585209003215434,1.0,0.9238754325259515,1.0,0.76-0.94,1.00-1.00,0.9939294822042355,0.9989396882582996,0.9742765273311897,0.9137931034482759,0.9837662337662337,0.2926829268292683,0.4,0,88
