uid,y,p_yes,mass_yes_no,top_token,n_tokens
Fire_394,1,0.9419261326516968,0.9990003042482887, yes,362
Fire_332,1,0.9410615014797172,0.9989901878255706, yes,362
Fire_151,1,0.934910559068956,0.9988119319036866, yes,362
Fire_191,1,0.9271133953648202,0.9989064326442945, yes,362
Fire_278,1,0.9415073235267618,0.998771830474739, yes,362
Fire_322,1,0.9420448689698002,0.9987593767191199, yes,362
Fire_533,1,0.9591346438643633,0.9988586676167286, yes,362
Fire_458,1,0.9594599669199699,0.9989653273739736, yes,362
Fire_194,1,0.9673553762063871,0.9993563040667339, yes,362
Fire_187,1,0.9412860032838999,0.9988206123738668, yes,362
Fire_105,1,0.947348943615938,0.9986910533826805, yes,362
Fire_269,1,0.9171175299260744,0.9984641441753809, yes,362
Fire_77,1,0.8936306875949761,0.9977857492081498, yes,362
Fire_374,1,0.9268653092039603,0.9983849964804646, yes,362
Fire_600,1,0.8959369659534946,0.9979842712990241, yes,362
Fire_181,1,0.9304930643289082,0.9984805907427521, yes,362
Fire_499,1,0.8696856834724842,0.9982195396617376, yes,362
NoFire_40,0,0.0432238591371324,0.9999601591569256,no,362
NoFire_116,0,0.039538531664702635,0.9999455221624952,no,362
NoFire_89,0,0.1910575918310334,0.9997142103991686,no,362
NoFire_45,0,0.05034484577558965,0.9999040166724888,no,362
NoFire_84,0,0.061659019155515124,0.9999314282340258,no,362
NoFire_28,0,0.06908784654565489,0.9998789422135117,no,362
NoFire_43,0,0.03421599513997333,0.999949756208636,no,362
NoFire_90,0,0.08864448421148223,0.999870801379735,no,362
NoFire_34,0,0.0382068583226458,0.9999599600698289,no,362
NoFire_69,0,0.10991021663544888,0.9997982796865358,no,362
NoFire_22,0,0.09745209138752872,0.9998357222243306,no,362
NoFire_103,0,0.1089468163394341,0.9998010377267246,no,362
NoFire_81,0,0.07751266819441624,0.9999065206270249,no,362
NoFire_26,0,0.06135205861509922,0.9998985023270985,no,362
NoFire_46,0,0.020605195315012696,0.9999848529521288,no,362
NoFire_32,0,0.05411323517926594,0.9999501306391242,no,362
NoFire_75,0,0.13630680784133772,0.9997358953546845,no,362
NoFire_60,0,0.07683908216922361,0.9998809756553441,no,362
Fire_447,1,0.818387221730512,0.9961494165450347,yes,362
Fire_89,1,0.849240289040705,0.9972319830016914,yes,362
NoFire_85,0,0.0480852413512977,0.9999541807669006,no,362
Fire_28,1,0.8754043305384942,0.9979700329192811, yes,362
Fire_91,1,0.8813481632246878,0.9978475521956193, yes,362
Fire_459,1,0.8886020516831126,0.998231556442738, yes,362
Fire_495,1,0.85329713539199,0.9965587326659272,yes,362
Fire_146,1,0.8678333427581806,0.9970909465821857, yes,362
Fire_571,1,0.8937413363821928,0.9976450042459404, yes,362
Fire_124,1,0.9168671767045566,0.9983074847651802, yes,362
Fire_468,1,0.9152212545143156,0.9984397306760853, yes,362
Fire_302,1,0.9269322832552853,0.9986372840620219, yes,362
Fire_498,1,0.9401076141775253,0.9986246405208716, yes,362
Fire_6,1,0.909698381587947,0.9984110029638081, yes,362
Fire_567,1,0.8938279932579916,0.9981786523983186, yes,362
Fire_335,1,0.9013836895233828,0.9978751553705072, yes,362
Fire_112,1,0.8975867629105921,0.9977721718300296, yes,362
Fire_556,1,0.9260322118834352,0.998370622341824, yes,362
Fire_203,1,0.9266450338907067,0.9983450334579678, yes,362
Fire_449,1,0.8958213922828197,0.9985208085657118, yes,362
Fire_486,1,0.8897837652099793,0.9981696807378632, yes,362
Fire_337,1,0.8813411290236401,0.9977229809642819, yes,362
Fire_137,1,0.9341558928846027,0.9988054443495132, yes,362
Fire_30,1,0.9416697821950389,0.99861576242336, yes,362
Fire_247,1,0.9417468376211913,0.9988496940674455, yes,362
Fire_448,1,0.9344657376505492,0.998598493900262, yes,362
Fire_569,1,0.916629302025503,0.9982988296417727, yes,362
Fire_348,1,0.9072714894332613,0.9987261083403255, yes,362
Fire_544,1,0.9177977278843336,0.9985859728567166, yes,362
Fire_593,1,0.8936856551523151,0.9982904464023091, yes,362
Fire_258,1,0.877143358792126,0.9975275370894798, yes,362
Fire_418,1,0.9187338103339303,0.9984523890571908, yes,362
Fire_200,1,0.9175752298672131,0.998508493813104, yes,362
Fire_446,1,0.9263881067104425,0.9984055021281819, yes,362
NoFire_97,0,0.03863986823752862,0.9999482848951067,no,362
NoFire_8,0,0.06185002086745188,0.9998950363750495,no,362
Fire_334,1,0.925931345461633,0.9982726348057024, yes,362
NoFire_30,0,0.01850508342618012,0.9999536985910122,no,362
NoFire_49,0,0.01847578768901238,0.9999530647141818,no,362
NoFire_20,0,0.02344564156556397,0.9999650223079947,no,362
NoFire_9,0,0.061244233412193115,0.9999306630434,no,362
NoFire_83,0,0.04825016357816548,0.9999303489147943,no,362
NoFire_35,0,0.1086652598134652,0.9998119011723545,no,362
NoFire_74,0,0.033977892233812534,0.9999660703983726,no,362
NoFire_51,0,0.04365422999828104,0.9999403083222776,no,362
NoFire_111,0,0.04862477828474097,0.9999456428119118,no,362
NoFire_38,0,0.03802203254533773,0.9999538071816432,no,362
NoFire_61,0,0.10975691625930757,0.9997301575035539,no,362
NoFire_55,0,0.06155662954324576,0.9999087226821924,no,362
NoFire_70,0,0.13881733332650334,0.9996745892419889,no,362
Fire_157,1,0.8366139459827862,0.9970399138988602, yes,362
Fire_353,1,0.8287028545346549,0.9971564956046897, yes,362
Fire_517,1,0.8677723520355574,0.9977027788212561, yes,362
Fire_575,1,0.8814129656105023,0.9975881189580871, yes,362
Fire_253,1,0.8962815195292981,0.9980288659427144, yes,362
Fire_113,1,0.8895128520442804,0.9976072463656651, yes,362
Fire_562,1,0.9107612877274959,0.9979063479930022, yes,362
Fire_421,1,0.9071031341786622,0.9979341774540134, yes,362
Fire_160,1,0.9175059566970648,0.9978420006831965, yes,362
Fire_595,1,0.9082445835565263,0.9983029853494798, yes,362
Fire_613,1,0.9174348268439323,0.9985852641403724, yes,362
Fire_10,1,0.8976849690533039,0.9981959234246247, yes,362
Fire_461,1,0.8812834424451614,0.9977202250626399, yes,362
Fire_538,1,0.8856917917809278,0.997649375872018, yes,362
Fire_604,1,0.9085270089251369,0.9982575442550803, yes,362
Fire_70,1,0.8867252159775916,0.9982367773586769, yes,362
Fire_564,1,0.8967362750166081,0.9986440177061866, yes,362
Fire_34,1,0.9273154764832471,0.9988635726569252, yes,362
Fire_251,1,0.8859839966009013,0.9979433121301945, yes,362
Fire_510,1,0.8742356766814542,0.9981741027692763, yes,362
Fire_450,1,0.8897130809842445,0.9980475932992617, yes,362
Fire_477,1,0.8837924237294048,0.9981459784309562, yes,362
Fire_614,1,0.8839412426507792,0.9981602081725491, yes,362
Fire_138,1,0.6157532385775487,0.9958150723354945,yes,362
Fire_121,1,0.8240762242800735,0.9966806099011802,yes,362
Fire_287,1,0.7312093166498363,0.9956373665902958,yes,362
Fire_408,1,0.6528443050366137,0.9958167228006262,yes,362
Fire_143,1,0.8271245011325331,0.9967746666040092,yes,362
Fire_21,1,0.8014284971647512,0.996330128427807,yes,362
Fire_313,1,0.17023615963347496,0.9996264902482914,no,362
NoFire_112,0,0.07837723217189328,0.9998601247567633,no,362
NoFire_86,0,0.08754974980128219,0.9998901060161848,no,362
NoFire_48,0,0.06990569605554171,0.9998670624904694,no,362
NoFire_68,0,0.06160487231114834,0.9999089978671731,no,362
NoFire_17,0,0.11098228641881434,0.9997784440936661,no,362
NoFire_24,0,0.099210750964362,0.9998154085197173,no,362
NoFire_62,0,0.12276204963043162,0.9997138149870902,no,362
NoFire_36,0,0.12220779339198178,0.999822667849372,no,362
NoFire_14,0,0.15378987884456288,0.9997186728676324,no,362
NoFire_12,0,0.13698208237629333,0.9997332477849109,no,362
NoFire_59,0,0.12278198335898263,0.9997176278731578,no,362
NoFire_101,0,0.0434320309638229,0.9999315897829586,no,362
NoFire_50,0,0.048225411395182494,0.9999518570376342,no,362
NoFire_13,0,0.06869119474121108,0.9999032614532852,no,362
NoFire_1,0,0.03922558556285989,0.9999395255990565,no,362
NoFire_95,0,0.02988664274358357,0.999967176522381,no,362
NoFire_77,0,0.04842381317682684,0.9999391784642532,no,362
NoFire_110,0,0.026509254428383703,0.9999656303534215,no,362
NoFire_67,0,0.05585009373970149,0.9998523526281324,no,362
NoFire_39,0,0.05033365755688522,0.9998695001301635,no,362
NoFire_16,0,0.07884747504145821,0.9998864582287033,no,362
NoFire_37,0,0.10201633170159029,0.9997678337107979,no,362
NoFire_44,0,0.06851555331597804,0.9999438969091181,no,362
NoFire_104,0,0.09702768549565642,0.9998991742424611,no,362
NoFire_63,0,0.07254099460447926,0.9999032968729699,no,362
NoFire_29,0,0.12379281037673742,0.999875649334268,no,362
NoFire_92,0,0.136919871546748,0.9997293837253687,no,362
NoFire_56,0,0.13701758042825224,0.999768218194452,no,362
Fire_531,1,0.6565526574767205,0.9952657020119084,yes,362
NoFire_73,0,0.08850722618345182,0.9998489978568601,no,362
NoFire_94,0,0.08799910403236315,0.999907638919189,no,362
NoFire_66,0,0.049275911644404764,0.9999208249294954,no,362
NoFire_18,0,0.043274410099489284,0.9999431282379448,no,362
NoFire_6,0,0.12238670864447188,0.9997895162375546,no,362
NoFire_54,0,0.07016519044661859,0.9999062309215081,no,362
NoFire_58,0,0.09106874908378439,0.9997723340306656,no,362
NoFire_3,0,0.09829289791101173,0.9999108626548848,no,362
NoFire_114,0,0.08878177403625638,0.9998967901367444,no,362
NoFire_102,0,0.13876914304772478,0.9997758417757141,no,362
NoFire_4,0,0.07884108279427902,0.9999162696246312,no,362
NoFire_80,0,0.06234784658870282,0.9999089901750832,no,362
NoFire_11,0,0.08845953719947136,0.9998574750676468,no,362
NoFire_106,0,0.10936355521278597,0.9998853599029447,no,362
NoFire_79,0,0.08630424036213269,0.9999604234043545,no,362
NoFire_10,0,0.04284138418665963,0.9999678640257211,no,362
NoFire_47,0,0.06480641320061341,0.9998850254656989,no,362
NoFire_96,0,0.011141836994594832,0.9999797523597269,no,362
NoFire_115,0,0.026573860087066085,0.9999724261718888,no,362
NoFire_82,0,0.014465655761049957,0.9999717477348136,no,362
NoFire_27,0,0.027241910709180882,0.9999548630386687,no,362
NoFire_76,0,0.024327485635918158,0.9999538431106555,no,362
NoFire_105,0,0.016974350700808032,0.9999538924120357,no,362
NoFire_99,0,0.00992732288013052,0.9999895181441213,no,362
NoFire_53,0,0.03426826469367534,0.9999629934049672,no,362
NoFire_42,0,0.01890770729199154,0.9999635062145802,no,362
NoFire_108,0,0.02203240570632817,0.9999452279947418,no,362
NoFire_57,0,0.06744876254936269,0.9997685125095178, no,362
NoFire_88,0,0.016218356203143554,0.9999809107984886,no,362
NoFire_109,0,0.02637188408558412,0.9999640320806606,no,362
NoFire_87,0,0.07848481544424242,0.9998314479991871,no,362
NoFire_7,0,0.04840159421221882,0.9999317812638324,no,362
NoFire_2,0,0.0619079000960478,0.9999002350633481,no,362
NoFire_19,0,0.13552205979089982,0.9998202298512239,no,362
NoFire_33,0,0.0790710879474554,0.9999195263963654,no,362
NoFire_23,0,0.07728350888013712,0.9998961392557068,no,362
NoFire_98,0,0.1262421690009404,0.9996632748925863,no,362
NoFire_71,0,0.08734792147138955,0.9999018555132968,no,362
NoFire_52,0,0.034035223268898546,0.999945066120452,no,362
NoFire_21,0,0.021296520687334192,0.999947900918878,no,362
NoFire_107,0,0.018426592743824206,0.9999780851072195,no,362
NoFire_31,0,0.026621921686600918,0.9999543106180441,no,362
NoFire_113,0,0.01492325998767969,0.9999792452453601,no,362
NoFire_5,0,0.021872294194613843,0.9999484901060655,no,362
NoFire_100,0,0.01442284461666432,0.9999844927707674,no,362
NoFire_72,0,0.014569488035109763,0.9999830625356398,no,362
Fire_255,1,0.9093616556896768,0.9984402677206011, yes,362
Fire_419,1,0.9169513671626077,0.9986785756756673, yes,362
Fire_395,1,0.9150816686323395,0.9986625367209332, yes,362
Fire_522,1,0.8721336099660038,0.9984031736073162, yes,362
Fire_190,1,0.9171752053603962,0.9988536040478186, yes,362
Fire_576,1,0.8970329600679751,0.9981510249741049, yes,362
Fire_355,1,0.9267027235112548,0.9987766370387012, yes,362
Fire_234,1,0.8337421381717862,0.9966756546588236,yes,362
Fire_294,1,0.9420229993480187,0.9986692655049478, yes,362
Fire_493,1,0.934374683590634,0.9989469746846609, yes,362
Fire_370,1,0.7995492762329051,0.997106489790799,yes,362
Fire_309,1,0.9354051545561645,0.9987800193480262, yes,362
Fire_324,1,0.9342300053099142,0.9987960759962391, yes,362
Fire_277,1,0.9433688003634245,0.9987732732017625, yes,362
Fire_588,1,0.908059199686268,0.9982002450771562, yes,362
Fire_331,1,0.9243508440349962,0.9985142574479843, yes,362
Fire_104,1,0.926185956393916,0.9987382259607439, yes,362
Fire_474,1,0.8677331684983202,0.9974443107859814,yes,362
Fire_45,1,0.8109643474636263,0.9969412462513062,yes,362
Fire_502,1,0.7866513559759957,0.9972403496619934,yes,362
Fire_264,1,0.8529668485889924,0.9975273105623031,yes,362
Fire_210,1,0.8131207359818028,0.9969624530849834,yes,362
Fire_326,1,0.9277435496324729,0.998778378024613, yes,362
Fire_154,1,0.8120315449763273,0.9971472164693153,yes,362
Fire_80,1,0.7251375317383678,0.9965603697236756,yes,362
Fire_503,1,0.6879035128913755,0.9962183283345039,yes,362
Fire_229,1,0.8182077577696918,0.9973204758144101, yes,362
Fire_67,1,0.756450288339438,0.9963337620204432, yes,362
Fire_501,1,0.7898937207174452,0.9968352261089323, yes,362
Fire_552,1,0.8418662390880152,0.9981760121312417, yes,362
Fire_248,1,0.7630687639588104,0.996956626119577, yes,362
Fire_119,1,0.6215481864861191,0.9963419239518143,yes,362
Fire_490,1,0.6482553398337737,0.9962074244329816,yes,362
Fire_452,1,0.7558787373843104,0.9969595406495548, yes,362
Fire_328,1,0.8027489939100865,0.9969164864238464, yes,362
Fire_546,1,0.8956068372370561,0.9985543159260027, yes,362
Fire_520,1,0.9266030982542983,0.9988537921257554, yes,362
Fire_406,1,0.9252557583832594,0.9988082415031949, yes,362
Fire_292,1,0.9346710910527039,0.9990132281487974, yes,362
Fire_341,1,0.94116827308285,0.9991712654997862, yes,362
Fire_33,1,0.918089268577242,0.9987195617073436, yes,362
Fire_68,1,0.9264576537757777,0.9986277521133072, yes,362
Fire_29,1,0.926136626752889,0.9987751108441127, yes,362
Fire_579,1,0.941117131192024,0.9988922316972993, yes,362
Fire_219,1,0.8281125363134904,0.9971616273260426, yes,362
Fire_416,1,0.872243167397031,0.9979777167525968, yes,362
Fire_171,1,0.9346518681083515,0.9984189025916804, yes,362
Fire_436,1,0.8883998163607612,0.9975612091902772, yes,362
Fire_478,1,0.8534422966618445,0.9970760666175409, yes,362
Fire_559,1,0.8653019934526973,0.9976538788812533,yes,362
Fire_72,1,0.9243128549639673,0.9982779485788528, yes,362
Fire_364,1,0.9194629146470589,0.9987026809883447, yes,362
Fire_279,1,0.9085044903680821,0.9984847644418164, yes,362
Fire_116,1,0.9170455796601544,0.9984292711818533, yes,362
Fire_384,1,0.8893642543963112,0.9980101801701677, yes,362
Fire_387,1,0.9050115586411769,0.9980523236051297, yes,362
Fire_106,1,0.8989118672078085,0.9981805663979043, yes,362
Fire_570,1,0.9264505962960495,0.998977930148234, yes,362
Fire_216,1,0.9340452618982483,0.9989149114348025, yes,362
Fire_12,1,0.915147533845564,0.9982941431815813, yes,362
Fire_433,1,0.9276489771131392,0.9989336238960848, yes,362
Fire_551,1,0.9346533406823714,0.9988916500931139, yes,362
Fire_597,1,0.8812643121418128,0.9980788083429849, yes,362
Fire_32,1,0.9153888248217248,0.9983701042302575, yes,362
Fire_87,1,0.9415995252651076,0.9987543708891956, yes,362
Fire_205,1,0.9745122034680357,0.9987451204622131, yes,362
Fire_123,1,0.9327307621734076,0.9979920532469603, yes,362
Fire_539,1,0.9246538818659265,0.9983520109333281, yes,362
Fire_221,1,0.9800723965466214,0.9992666411963128, yes,362
Fire_488,1,0.9891812892658453,0.9996814014554337, yes,362
Fire_581,1,0.963418115919806,0.9992102961343233, yes,362
Fire_49,1,0.9748848588190522,0.9990476649097881, yes,362
Fire_152,1,0.9543094120004082,0.9989149101041527, yes,362
Fire_175,1,0.8994351608005983,0.9982856799262426, yes,362
Fire_61,1,0.9325954596036448,0.9984338203569842, yes,362
Fire_504,1,0.9349919203863308,0.9988610195434823, yes,362
Fire_136,1,0.8607795361234161,0.9971688958912048, yes,362
Fire_513,1,0.9326203267223786,0.9985620546704621, yes,362
Fire_462,1,0.9049637157757336,0.99794857741297, yes,362
Fire_376,1,0.9400378020153416,0.9985300883737508, yes,362
Fire_38,1,0.8876091412874396,0.9975292417988446,yes,362
Fire_228,1,0.8678050538787592,0.9978242053531005, yes,362
Fire_385,1,0.9244583545027136,0.9985904569939833, yes,362
Fire_412,1,0.8902727279786057,0.9980309438287847, yes,362
Fire_9,1,0.9051310356763695,0.9976345495518069, yes,362
Fire_349,1,0.8527696384991597,0.99734410523284, yes,362
Fire_227,1,0.8572461429864757,0.9981066778382762, yes,362
Fire_457,1,0.7994443271481314,0.9970971189905117, yes,362
Fire_599,1,0.8112802826637511,0.996967583230483, yes,362
Fire_530,1,0.6967947706483105,0.996189313893532, yes,362
Fire_561,1,0.9076411151813749,0.9984859636943861, yes,362
Fire_295,1,0.8838055217780337,0.9981699613321426, yes,362
Fire_596,1,0.8727650139993057,0.9982879156921118, yes,362
Fire_536,1,0.8576697061879562,0.9979917145615356, yes,362
Fire_532,1,0.7992910432547872,0.9971728460133562,yes,362
Fire_122,1,0.8845761920238302,0.9986412207531807, yes,362
Fire_261,1,0.948760617503634,0.9988542358114159, yes,362
Fire_51,1,0.9823368643999494,0.9992008225583068, yes,362
Fire_220,1,0.9842872404515524,0.9993488735951038, yes,362
Fire_178,1,0.9841795034012678,0.9994978541102786, yes,362
Fire_56,1,0.9823041450080322,0.9993136564062806, yes,362
Fire_415,1,0.9799221751255217,0.9993589437759307, yes,362
Fire_494,1,0.9714937341528281,0.9992110148862026, yes,362
Fire_117,1,0.9800164322533862,0.99923860213995, yes,362
Fire_362,1,0.9715837565521317,0.9990420079222663, yes,362
Fire_78,1,0.9677848657420821,0.9991413287315343, yes,362
Fire_610,1,0.9717848904103923,0.999122613186846, yes,362
Fire_403,1,0.982496631008492,0.9993544780104127, yes,362
Fire_550,1,0.9823591603339126,0.9994542713935339, yes,362
Fire_424,1,0.9844448365447704,0.9993699572616955, yes,362
Fire_327,1,0.9750779691375607,0.9991645350544933, yes,362
Fire_587,1,0.9750071019686676,0.9991645804113479, yes,362
Fire_180,1,0.9688528303690597,0.9990402005523709, yes,362
Fire_173,1,0.9547128153044315,0.9987553691550948, yes,362
Fire_207,1,0.8812602924121901,0.997400139364162, yes,362
Fire_74,1,0.8363943521024216,0.9974976310450728,yes,362
Fire_185,1,0.8938637536938007,0.9975384293096626,yes,362
Fire_622,1,0.9189183791269862,0.9985137562023355, yes,362
Fire_497,1,0.9413646173674857,0.9989396055992255, yes,362
Fire_601,1,0.9266957291909224,0.9989023239869698, yes,362
Fire_465,1,0.9067662252591661,0.998373971518805, yes,362
Fire_212,1,0.8869704218241695,0.9980502632875228, yes,362
Fire_275,1,0.7881048727440427,0.9977636877039349, yes,362
Fire_273,1,0.85662621231497,0.9983377760507796, yes,362
Fire_542,1,0.8181146880034099,0.9976615690458901, yes,362
Fire_31,1,0.8392761277265048,0.9981482940558535, yes,362
Fire_396,1,0.9876843132627822,0.9995536843711016, yes,362
Fire_566,1,0.9860312941544683,0.9996588554864156, yes,362
Fire_110,1,0.9545567015468951,0.9990266933994165, yes,362
Fire_256,1,0.8873046441709278,0.9984009979522154, yes,362
Fire_315,1,0.9714053305181322,0.9993257893929671, yes,362
Fire_428,1,0.9366066312495755,0.9986594246185473,yes,362
Fire_86,1,0.9679584268939202,0.9992631061844592, yes,362
Fire_75,1,0.9587449380787256,0.9990621179351086, yes,362
Fire_381,1,0.9106042817646255,0.9985018130631451, yes,362
Fire_342,1,0.9289575385345699,0.9985897218806008, yes,362
Fire_111,1,0.8937940271353232,0.9975658856458709, yes,362
Fire_184,1,0.8893537529863489,0.9976257128332924, yes,362
Fire_391,1,0.9504200849374762,0.9986719388999273, yes,362
Fire_66,1,0.9482360238853146,0.9989003543558884, yes,362
Fire_22,1,0.9284076635460065,0.998670603298185, yes,362
Fire_572,1,0.9473254237760748,0.9994005707428092, yes,362
Fire_380,1,0.9542371845214916,0.9993848857475347, yes,362
Fire_131,1,0.9409341141538056,0.9991453443579824, yes,362
Fire_257,1,0.9478877091913074,0.9990293179402279, yes,362
Fire_222,1,0.9585079107959267,0.9993603736126273, yes,362
Fire_358,1,0.9256503419236478,0.9991168805967365, yes,362
Fire_163,1,0.9333116702081411,0.9992750141360764, yes,362
Fire_541,1,0.9261850614383156,0.9990123720226199, yes,362
Fire_344,1,0.9265552563266932,0.9989097432849504, yes,362
Fire_603,1,0.9080668628305115,0.9979759899971442, yes,362
Fire_607,1,0.908116732635455,0.9986881124234117, yes,362
Fire_463,1,0.9074776402748851,0.9989873576394471, yes,362
Fire_263,1,0.8732044233353313,0.9984017406938864, yes,362
Fire_356,1,0.8963170618179254,0.9981946233023531, yes,362
Fire_65,1,0.8568727221361566,0.9978609376308203, yes,362
Fire_304,1,0.8186115126749439,0.9972660919502506, yes,362
Fire_1,1,0.8758072269216506,0.9978236677651884, yes,362
Fire_606,1,0.9192108212535469,0.9984914270405062, yes,362
Fire_431,1,0.910197444510213,0.9981191195997188, yes,362
Fire_243,1,0.941468954435982,0.9988788950553563, yes,362
Fire_340,1,0.9411020857324713,0.9986494458367123, yes,362
Fire_282,1,0.9411987179531903,0.9989407120557465, yes,362
Fire_464,1,0.918672263948578,0.9985927708697127, yes,362
Fire_404,1,0.92430657283419,0.9985816648719633, yes,362
Fire_46,1,0.9089083247061066,0.9982375492484914, yes,362
Fire_378,1,0.9263673733918396,0.9990178795607166, yes,362
Fire_25,1,0.9335832281086929,0.9986284493005868, yes,362
Fire_132,1,0.9186090585261178,0.9985386278576251, yes,362
Fire_602,1,0.9326343102680099,0.9986078970440376, yes,362
Fire_169,1,0.9260644496624862,0.9988571374062917, yes,362
Fire_298,1,0.9340293179778758,0.9989104316784465, yes,362
Fire_512,1,0.9174477409177623,0.9984876758685588, yes,362
Fire_445,1,0.9267597270676526,0.9988024013731562, yes,362
Fire_545,1,0.9180879955806743,0.9988338187433988, yes,362
Fire_484,1,0.892307093440068,0.9973337917939732,yes,362
NoFire_15,0,0.038229605997331155,0.9999548414678197,no,362
NoFire_41,0,0.043875507484145634,0.9999344274913358,no,362
NoFire_65,0,0.029883174771272766,0.9999628195588929,no,362
NoFire_91,0,0.030060255018751994,0.9999659070848599,no,362
NoFire_93,0,0.021002845353662862,0.9999734640197934,no,362
NoFire_78,0,0.030531447437203613,0.9999529210156037,no,362
NoFire_25,0,0.038249150513516024,0.9999460801621047,no,362
NoFire_64,0,0.023554754497673653,0.9999746878789799,no,362
Fire_289,1,0.9820748938073861,0.9991948750160669, yes,362
Fire_435,1,0.9798473951012312,0.9991524601338871, yes,362
Fire_206,1,0.9821139462672273,0.9991753101298128, yes,362
Fire_409,1,0.9822619041669982,0.9994637513690345, yes,362
Fire_453,1,0.9860566684036781,0.9994067050646119, yes,362
Fire_617,1,0.9746013554562164,0.9991289669616561, yes,362
Fire_20,1,0.9773073281493204,0.9992840837535609, yes,362
Fire_354,1,0.9842309435455862,0.9994301666485538, yes,362
Fire_280,1,0.9822267206280604,0.9995511678052462, yes,362
Fire_8,1,0.9677129591364101,0.9992381507846047, yes,362
Fire_223,1,0.9354442598112078,0.9985297714297684, yes,362
Fire_397,1,0.9536395577638737,0.9988270623230262, yes,362
Fire_23,1,0.9261686443372121,0.9987916609431153, yes,362
Fire_55,1,0.9280519744914981,0.9983333222624355, yes,362
Fire_442,1,0.9340133603731676,0.998815307307528, yes,362
Fire_537,1,0.9481930861310582,0.9988473194241851, yes,362
Fire_232,1,0.940235290250688,0.9985145975043922, yes,362
Fire_470,1,0.9745226398121393,0.9993326789210506, yes,362
Fire_201,1,0.967755074593495,0.9990694105662867, yes,362
Fire_321,1,0.9744928499012027,0.999073150719728, yes,362
Fire_372,1,0.9825468857326213,0.9993372705039745, yes,362
Fire_589,1,0.9747449094115067,0.9990783696322117, yes,362
Fire_540,1,0.9745133794901489,0.9992468526015142, yes,362
Fire_47,1,0.9679821970963282,0.9992308772742639, yes,362
Fire_306,1,0.9548029945257777,0.9984761716912913, yes,362
Fire_616,1,0.971767456590758,0.9990659647836219, yes,362
Fire_130,1,0.9678201976872471,0.9990378603994988, yes,362
Fire_469,1,0.9673868773542004,0.9992915790561562, yes,362
Fire_585,1,0.9636723702001359,0.9991937055183803, yes,362
Fire_357,1,0.9491911470172999,0.9988606089290749, yes,362
Fire_27,1,0.9187450997809167,0.9983095006071134, yes,362
Fire_83,1,0.9354643506787514,0.9988918298583447, yes,362
Fire_521,1,0.9351045901106071,0.9988652412973713, yes,362
Fire_351,1,0.918131718741513,0.998752721391644, yes,362
Fire_18,1,0.9177425062319297,0.9988017708498995, yes,362
Fire_139,1,0.9485755043918843,0.9991530326902205, yes,362
Fire_392,1,0.941417943425102,0.9987974910469452, yes,362
Fire_225,1,0.9476372139325844,0.9994214433184014, yes,362
Fire_128,1,0.9538234015887489,0.9991497244542953, yes,362
Fire_260,1,0.9420287244251334,0.9986519311650035, yes,362
Fire_554,1,0.9349540128524503,0.9987917042121527, yes,362
Fire_336,1,0.9486083116183153,0.9990186135116866, yes,362
Fire_52,1,0.9244776412508842,0.9979928097957649, yes,362
Fire_615,1,0.9413306757779724,0.9986595128584539, yes,362
Fire_523,1,0.9345467870689084,0.9988243450588364, yes,362
Fire_558,1,0.9478471613065557,0.9989492275030023, yes,362
Fire_109,1,0.9478537148863012,0.9988654181808295, yes,362
Fire_155,1,0.9487752325489915,0.9988526914277014, yes,362
Fire_62,1,0.9536027160759678,0.99925680422398, yes,362
Fire_438,1,0.9538343118691365,0.9988627435829097, yes,362
Fire_276,1,0.9348729113309077,0.9985994700574714, yes,362
Fire_96,1,0.9536062754827926,0.9991395443855713, yes,362
Fire_399,1,0.9537162262108075,0.9988056443060744, yes,362
Fire_439,1,0.9633685284522281,0.9992689949097278, yes,362
Fire_133,1,0.9427677827929811,0.9985823365096712, yes,362
Fire_535,1,0.9483637013453822,0.9987727490499233, yes,362
Fire_555,1,0.9593452263867672,0.9991236340051075, yes,362
Fire_519,1,0.9596214994327218,0.998476638642701, yes,362
Fire_516,1,0.9491167619774576,0.9988529779965151, yes,362
Fire_414,1,0.9426531138220565,0.9984975381358967, yes,362
Fire_410,1,0.9349104629504786,0.9986987778895727, yes,362
Fire_142,1,0.9467070452341654,0.9986753621190548, yes,362
Fire_158,1,0.9296133107130357,0.9981479840998606, yes,362
Fire_609,1,0.9349155044584524,0.9986147011491073, yes,362
Fire_514,1,0.9433126002890374,0.9987096218877174, yes,362
Fire_386,1,0.9079508316748757,0.9980713116913209, yes,362
Fire_291,1,0.8813592514096036,0.9977573858570038, yes,362
Fire_127,1,0.8936310162058517,0.9980929032424339, yes,362
Fire_560,1,0.9297084793275607,0.9982086421405376, yes,362
Fire_179,1,0.924268511201499,0.9983415822614855, yes,362
Fire_97,1,0.8935605228639847,0.9980453716209781, yes,362
Fire_53,1,0.677598772217934,0.9959322671513551,yes,362
Fire_166,1,0.8183142386322613,0.9970968553448047, yes,362
Fire_365,1,0.7896823181192204,0.9968889252648696, yes,362
Fire_153,1,0.7721798075632794,0.9966557201605468, yes,362
Fire_620,1,0.8285732163038166,0.9974231425792839, yes,362
Fire_246,1,0.8471678362039244,0.9976184751759211, yes,362
Fire_460,1,0.8812590138078754,0.9979498044879067, yes,362
Fire_388,1,0.8462167085551852,0.9974541995817382, yes,362
Fire_405,1,0.7784210615680498,0.996793658825512,yes,362
Fire_590,1,0.852479777106306,0.9977323739193382, yes,362
Fire_11,1,0.7693126981915187,0.9964371838982965, yes,362
Fire_126,1,0.867600599350464,0.9977752093716322, yes,362
Fire_557,1,0.9269701085529559,0.998768445783303, yes,362
Fire_267,1,0.9483463008343234,0.99897990024613, yes,362
Fire_236,1,0.8439504910171883,0.9972097372338237,yes,362
Fire_5,1,0.7478797924661569,0.9971007003979819,yes,362
Fire_73,1,0.8874762723516636,0.9979039900190402,yes,362
Fire_311,1,0.9283039612687042,0.998478688268616, yes,362
Fire_456,1,0.9151322540801914,0.9983895383278649, yes,362
Fire_4,1,0.9266118421117887,0.999100470154388, yes,362
Fire_64,1,0.9426849078763477,0.9992262771707374, yes,362
Fire_296,1,0.9428148518783073,0.9990133341235472, yes,362
Fire_35,1,0.9340329846668013,0.998849971736299, yes,362
Fire_417,1,0.9268779787648537,0.9989342116693052, yes,362
Fire_93,1,0.9421494713890927,0.9990978259627585, yes,362
Fire_39,1,0.93426945995854,0.9984867597834558, yes,362
Fire_343,1,0.8734423132211636,0.9972834988887933,yes,362
Fire_182,1,0.943683105420842,0.9987640735274763, yes,362
Fire_578,1,0.9276289823356468,0.9988545638603421, yes,362
Fire_505,1,0.9415017573820804,0.9993787331174713, yes,362
Fire_266,1,0.9187749607497155,0.999031586413249, yes,362
Fire_480,1,0.9097655248673223,0.9985468881530799, yes,362
Fire_301,1,0.8878542291384319,0.9985341963068205, yes,362
Fire_549,1,0.34149671059617887,0.9990440398638427,no,362
Fire_177,1,0.5506705915685735,0.9966330837211699,yes,362
Fire_58,1,0.7753693563341404,0.9968701747059907, yes,362
Fire_84,1,0.9095601773364392,0.9977539047811415, yes,362
Fire_577,1,0.9285724667224305,0.9982819252497587, yes,362
Fire_543,1,0.9258539951084692,0.998491422188208, yes,362
Fire_482,1,0.9264375335926109,0.9986538597866097, yes,362
Fire_50,1,0.9541918442762856,0.9990450446195898, yes,362
Fire_48,1,0.9355304016384418,0.9984194398485151, yes,362
Fire_59,1,0.926537292735004,0.9985290609912667, yes,362
Fire_373,1,0.9408456564563616,0.9989943906263389, yes,362
Fire_303,1,0.942395664141906,0.9987326463338593, yes,362
Fire_444,1,0.9277869480724428,0.9980970725799063, yes,362
Fire_183,1,0.9345241953429205,0.9989087806847222, yes,362
Fire_63,1,0.8977685383330236,0.9983647286808996, yes,362
Fire_245,1,0.898340208858636,0.997761995958015, yes,362
Fire_42,1,0.8966384673737219,0.9983417272316539, yes,362
Fire_314,1,0.8851022807572484,0.9975879378145186, yes,362
Fire_197,1,0.8675397950200255,0.9977643167826897, yes,362
Fire_368,1,0.8836111859778126,0.9981856366341448, yes,362
Fire_19,1,0.9169504718431258,0.9986580472810072, yes,362
Fire_274,1,0.9420840053433827,0.9991479061905786, yes,362
Fire_103,1,0.9257892604692143,0.9988901736540792, yes,362
Fire_568,1,0.959177890026295,0.9993643837353502, yes,362
Fire_288,1,0.9489511770414017,0.999219550224262, yes,362
Fire_24,1,0.9421673893279224,0.9992320138908124, yes,362
Fire_333,1,0.9274323706258771,0.9985863778794948, yes,362
Fire_402,1,0.9191971736811648,0.9987051133708102, yes,362
Fire_305,1,0.9261995878239465,0.9984745797619565, yes,362
Fire_352,1,0.926457748703819,0.9986457076972506, yes,362
Fire_455,1,0.926983754849741,0.9987386370158646, yes,362
Fire_249,1,0.8744443913674416,0.9982798974049379, yes,362
Fire_259,1,0.7878622067312836,0.997006038825356, yes,362
Fire_325,1,0.6665394586461926,0.9966312475033672,yes,362
Fire_612,1,0.4172197549192713,0.9985107912629327,no,362
Fire_591,1,0.7788529713875858,0.9964552184446709, yes,362
Fire_37,1,0.857213272483341,0.9973902566477177, yes,362
Fire_525,1,0.9183055749977409,0.9982288813453867, yes,362
Fire_323,1,0.9415188945117546,0.9990740093556734, yes,362
Fire_393,1,0.9081183601857205,0.998307524113882, yes,362
Fire_515,1,0.9340885819975872,0.9988781853143791, yes,362
Fire_57,1,0.9487881972205612,0.9991279504120806, yes,362
Fire_284,1,0.9269296016642028,0.9987737380946168, yes,362
Fire_508,1,0.771640669313222,0.9966891952354798,yes,362
Fire_196,1,0.9361884215155205,0.998746049750749, yes,362
Fire_345,1,0.9340373833417988,0.99891943733659, yes,362
Fire_164,1,0.9346919647021068,0.9987661107835273, yes,362
Fire_479,1,0.9351835191284225,0.998673413718172, yes,362
Fire_125,1,0.9352933366919494,0.9990171429144244, yes,362
Fire_586,1,0.907531780618877,0.9985327941321581, yes,362
Fire_134,1,0.941292779806952,0.9988823197025625, yes,362
Fire_379,1,0.48428193740329284,0.9981278704657442, no,362
Fire_268,1,0.3315876448095423,0.9987062204267814,no,362
Fire_281,1,0.39865364228499417,0.9978342364588886,no,362
Fire_518,1,0.4209177590812841,0.9979073768345872,no,362
Fire_507,1,0.020527757605178828,0.9999818913211348,no,362
Fire_189,1,0.033434448375518455,0.9999699178953136,no,362
Fire_211,1,0.08627187811628269,0.9999191959993698,no,362
Fire_466,1,0.13543495960817406,0.9998315648252792,no,362
Fire_430,1,0.0688005330836315,0.9998963664367124,no,362
Fire_330,1,0.3590654932351394,0.998961359751577,no,362
Fire_529,1,0.037643667294126416,0.9999756131553676,no,362
Fire_432,1,0.1918342539486274,0.9995168590408727,no,362
Fire_285,1,0.2056854228110576,0.9996489135905164,no,362
Fire_213,1,0.3091280271411199,0.9989737515423618,no,362
Fire_218,1,0.3720831446036858,0.9988987738212178,no,362
Fire_202,1,0.550787747866399,0.9969786960298597,yes,362
Fire_36,1,0.2950838078362962,0.9985573465044106,no,362
Fire_270,1,0.7168586602661039,0.99602082576445,yes,362
Fire_472,1,0.434883503426925,0.9972702296516736,no,362
Fire_467,1,0.13604682667146245,0.9997223171021424,no,362
Fire_534,1,0.04289628277176066,0.9999587328109033,no,362
Fire_527,1,0.20853995277695117,0.9996342807094845,no,362
Fire_16,1,0.2579715430321715,0.9992931359652719,no,362
Fire_161,1,0.7153521689804409,0.996504385368025, yes,362
Fire_475,1,0.6932379256363053,0.9966822083492467,yes,362
Fire_193,1,0.6785757587919632,0.9963539420038389,yes,362
Fire_272,1,0.7055209438209247,0.9963926755122215,yes,362
Fire_363,1,0.7310727114904968,0.9970079605968256, yes,362
Fire_254,1,0.7212264371049691,0.9966173260350759,yes,362
Fire_149,1,0.8068204784345268,0.9972800149434018, yes,362
Fire_300,1,0.7453405642042316,0.9970196104412251,yes,362
Fire_13,1,0.9171605548639441,0.9986176667592708, yes,362
Fire_429,1,0.9281040856992245,0.9988542465162984, yes,362
Fire_299,1,0.9243086245349224,0.9986477795734682, yes,362
Fire_170,1,0.8869499687266736,0.9977412317814045,yes,362
Fire_241,1,0.8956940060663923,0.9983564314853108, yes,362
Fire_580,1,0.9097248845117937,0.9981482847512886, yes,362
Fire_2,1,0.9152091344334499,0.9983272408753934, yes,362
Fire_90,1,0.9430549340494695,0.9991720111264885, yes,362
Fire_92,1,0.9420996103546164,0.9992187241062652, yes,362
Fire_401,1,0.9429785002249853,0.9989702632050832, yes,362
Fire_198,1,0.921199346265507,0.9987126896997861, yes,362
Fire_319,1,0.9099765657076233,0.998132525916058, yes,362
Fire_235,1,0.9426697610573388,0.9990866117133569, yes,362
Fire_346,1,0.8856819476597247,0.9978905469918046, yes,362
Fire_99,1,0.8600554437549189,0.9976104254249856, yes,362
Fire_487,1,0.9187235998739093,0.9986528592422206, yes,362
Fire_140,1,0.9253466196951086,0.9988039126204948, yes,362
Fire_598,1,0.9358042181540077,0.9985142007093122, yes,362
Fire_423,1,0.9420856232581749,0.9986956783984043, yes,362
Fire_369,1,0.9181754318389076,0.998356357444433, yes,362
Fire_592,1,0.9342248594988112,0.9988327138283795, yes,362
Fire_471,1,0.9047894030354562,0.9976971124757105, yes,362
Fire_440,1,0.9173311700687394,0.9983837598712058, yes,362
Fire_226,1,0.8672291079336597,0.9977133454524083, yes,362
Fire_118,1,0.8179662167230692,0.9971177589279455,yes,362
Fire_102,1,0.9112743837009609,0.9979072029642766, yes,362
Fire_389,1,0.868154528483817,0.9969089187023428, yes,362
Fire_230,1,0.907655336965973,0.9986816436420687, yes,362
Fire_265,1,0.9265823309792013,0.9987348244760561, yes,362
Fire_168,1,0.7998389622517283,0.9964254823060259, yes,362
Fire_209,1,0.7738243674300794,0.9965030901727385,yes,362
Fire_451,1,0.7502264813578505,0.9957569351873853,yes,362
Fire_611,1,0.8720630065203149,0.9970605172377514, yes,362
Fire_594,1,0.8966216496202319,0.9985311184842496, yes,362
Fire_371,1,0.9164871098774836,0.9990544582003154, yes,362
Fire_485,1,0.918365830348955,0.998830654011574, yes,362
Fire_100,1,0.8560391161012976,0.9970278387743632, yes,362
Fire_367,1,0.9111277503684725,0.9976840499320444, yes,362
Fire_347,1,0.9342681202674874,0.9984407000919944, yes,362
Fire_41,1,0.8961703689895157,0.9979404851204979, yes,362
Fire_95,1,0.9125551898285013,0.9979656136427917, yes,362
Fire_108,1,0.9048544574344429,0.9981426976143237, yes,362
Fire_366,1,0.8676573487943846,0.9972413316739631, yes,362
Fire_318,1,0.8699554387083198,0.9975491822896346, yes,362
Fire_26,1,0.8454644399363281,0.9968725762362183, yes,362
Fire_489,1,0.8959569367451438,0.9972909249976589, yes,362
Fire_239,1,0.8095677896563371,0.9962802654310843,yes,362
Fire_233,1,0.8673793091504777,0.9974744595577023, yes,362
Fire_101,1,0.8563986541955265,0.9971601935293654, yes,362
Fire_54,1,0.8813152455425861,0.9973082551069905, yes,362
Fire_159,1,0.8015675943191464,0.9965256681837095, yes,362
Fire_425,1,0.8189234562349115,0.996596618198909, yes,362
Fire_44,1,0.7651305890671428,0.9957337216469049, yes,362
Fire_426,1,0.8110504529993251,0.9961063406291105, yes,362
Fire_148,1,0.8844038122202165,0.9975331924107206, yes,362
Fire_290,1,0.8971634797262007,0.9980620292595085, yes,362
Fire_312,1,0.8837918758452431,0.9975741002838004, yes,362
Fire_361,1,0.8524929429251914,0.9971272409571553, yes,362
Fire_377,1,0.8404315409460024,0.9970171048388303, yes,362
Fire_509,1,0.8680053516329147,0.996566009824909, yes,362
Fire_250,1,0.8813562566284918,0.9973961358162667, yes,362
Fire_398,1,0.9015330015020605,0.9976903818350678, yes,362
Fire_174,1,0.8616795858138742,0.9968743480706042, yes,362
Fire_360,1,0.8669072994543339,0.996815824210264,yes,362
Fire_582,1,0.8879453698313348,0.9971115789034617, yes,362
Fire_329,1,0.9244246771759765,0.9981211990633219, yes,362
Fire_79,1,0.8140947466086788,0.9966025983168623,yes,362
Fire_252,1,0.8676418696732415,0.9970117887149136, yes,362
Fire_107,1,0.9409727820730852,0.9991819661104323, yes,362
Fire_350,1,0.9534369229127116,0.9993247171951762, yes,362
Fire_7,1,0.9280214915186097,0.998678591656996, yes,362
Fire_3,1,0.8845913871542803,0.997587066310874, yes,362
Fire_40,1,0.9352172089960662,0.9988795490640824, yes,362
Fire_69,1,0.855857930366983,0.9981272512121264, yes,362
Fire_286,1,0.8462789681464971,0.9975934288333219, yes,362
Fire_114,1,0.9190042995475864,0.9984230504287585, yes,362
Fire_224,1,0.8853969481881546,0.9982863851346825, yes,362
Fire_563,1,0.767948031366423,0.9968363895330749, yes,362
Fire_71,1,0.9150545749950049,0.998390425560303, yes,362
Fire_135,1,0.9182463217000444,0.9984645152687536, yes,362
Fire_297,1,0.8361803506350522,0.997090158786879,yes,362
Fire_293,1,0.9196215827993709,0.9987923224749379, yes,362
Fire_454,1,0.9151694678174079,0.9982263950275184, yes,362
Fire_15,1,0.8516432189462451,0.997367444001067,yes,362
Fire_618,1,0.8458852490761781,0.9977624422146174, yes,362
Fire_147,1,0.6985800681792658,0.9963024709703809,yes,362
Fire_574,1,0.9416971263684947,0.9990707762463177, yes,362
Fire_500,1,0.8439137425018276,0.9973058865663935, yes,362
Fire_338,1,0.927438110853188,0.9985549016043317, yes,362
Fire_483,1,0.8674834208339378,0.9976423631075125, yes,362
Fire_400,1,0.9481187883286109,0.9990881441199344, yes,362
Fire_307,1,0.9485069521524706,0.9992643908847477, yes,362
Fire_506,1,0.9533903178298332,0.9994674464747669, yes,362
Fire_583,1,0.9342908888190932,0.9990848474124324, yes,362
Fire_208,1,0.9410210462878903,0.9992648520144429, yes,362
Fire_172,1,0.8191340872552809,0.9964785864027456, yes,362
Fire_186,1,0.9334324411008021,0.9993526055736929, yes,362
Fire_375,1,0.93527107455571,0.9991336718941718, yes,362
Fire_85,1,0.9476237140005243,0.9993627763563887, yes,362
Fire_231,1,0.9258463978828281,0.9990439337555759, yes,362
Fire_82,1,0.9337788675453373,0.9987196693636587, yes,362
Fire_411,1,0.829113265065247,0.9976738780889757, yes,362
Fire_565,1,0.7696492474459279,0.9974579541333647, yes,362
Fire_199,1,0.9341151634257494,0.9991265751406353, yes,362
Fire_144,1,0.9072907641331996,0.9988570623619764, yes,362
Fire_262,1,0.9170338656691888,0.9990561818905238, yes,362
Fire_407,1,0.872056396237112,0.9980944817420057, yes,362
Fire_283,1,0.9242600393165333,0.9984741272099538, yes,362
Fire_237,1,0.8692155832530872,0.9981361389765427, yes,362
Fire_492,1,0.9074462058214311,0.9987404527750552, yes,362
Fire_317,1,0.8423582041461121,0.9980815631520292, yes,362
Fire_605,1,0.8965185370705077,0.9989951179884526, yes,362
Fire_76,1,0.9412965568505471,0.9989916035388634, yes,362
Fire_238,1,0.7323513203897734,0.996734704433526, yes,362
Fire_167,1,0.5891219134039077,0.9962203773902134,yes,362
Fire_141,1,0.8246430040606887,0.9966223336103164, yes,362
Fire_547,1,0.8974866457788299,0.9986879196151658, yes,362
Fire_496,1,0.8847450601338134,0.9985121513008015, yes,362
Fire_553,1,0.8676331763258119,0.9973457088492759, yes,362
Fire_320,1,0.7282057771946769,0.995875994432792,yes,362
Fire_217,1,0.41121503045781943,0.9972517572970472,no,362
Fire_129,1,0.7641108116206828,0.9968794170506795, yes,362
Fire_204,1,0.8700660284623036,0.9980759693988259, yes,362
Fire_214,1,0.7335158967316818,0.9963878851887037, yes,362
Fire_88,1,0.7820676761884116,0.9976703178170045, yes,362
Fire_165,1,0.6663001965921295,0.9964512972312749, yes,362
Fire_308,1,0.7056842190344448,0.9950408627245292,yes,362
Fire_98,1,0.6963235562932037,0.9960766571578128, yes,362
Fire_443,1,0.7576548704108513,0.9966635862139337, yes,362
Fire_271,1,0.8075074358821958,0.9973801849059379, yes,362
Fire_188,1,0.41570602249311206,0.9979689158490481,no,362
Fire_383,1,0.4336940182388128,0.9982107826757423,no,362
Fire_473,1,0.6535426528922283,0.9962689642462305,yes,362
Fire_491,1,0.5961713744225671,0.9961944685653992,yes,362
Fire_81,1,0.4201663019556324,0.9980947465837482,no,362
Fire_390,1,0.8733171317677829,0.9981061346473967, yes,362
Fire_413,1,0.927950908368683,0.998887197160393, yes,362
Fire_150,1,0.9174691316623006,0.9985914647677917, yes,362
Fire_60,1,0.9486156260164699,0.9992928023219999, yes,362
Fire_382,1,0.9536746791006574,0.9994105988363061, yes,362
Fire_359,1,0.9541347659903516,0.999318532180146, yes,362
Fire_145,1,0.8560392152648011,0.9980238388908205, yes,362
Fire_17,1,0.8073138899340954,0.9973806277037711, yes,362
Fire_43,1,0.9086205384581726,0.9985162387462995, yes,362
Fire_244,1,0.9419205191229142,0.9991285940513487, yes,362
Fire_584,1,0.9415715729204831,0.9991516251607642, yes,362
Fire_422,1,0.8524906756103323,0.9977216405392395, yes,362
Fire_437,1,0.8524242623579427,0.9977589923861474, yes,362
Fire_14,1,0.8963960951506285,0.9988167677874314, yes,362
Fire_619,1,0.8565519077732379,0.9978917823404054, yes,362
Fire_481,1,0.6783721449372941,0.9964307587292043,yes,362
Fire_476,1,0.9253837171347071,0.9992418859242742, yes,362
Fire_339,1,0.9352183076967823,0.9989724645986116, yes,362
Fire_441,1,0.6172588097744323,0.9962768613917695,yes,362
Fire_420,1,0.7698237617449536,0.9969737235789645, yes,362
Fire_524,1,0.948327470189457,0.998925412368815, yes,362
Fire_195,1,0.9176892909266775,0.9985482944851062, yes,362
Fire_162,1,0.9410964123994965,0.9992096069310096, yes,362
Fire_176,1,0.9339250712503216,0.9990772523001953, yes,362
Fire_115,1,0.9179946221665901,0.9987044066906398, yes,362
Fire_240,1,0.9180171281654117,0.9988697316965489, yes,362
Fire_427,1,0.9352860577703476,0.9988030869924411, yes,362
Fire_548,1,0.9179428209090422,0.9987261638110728, yes,362
Fire_242,1,0.9357927140983956,0.998944579690389, yes,362
Fire_511,1,0.8851177610940208,0.9986638419912867, yes,362
Fire_215,1,0.9408321046488816,0.9992774412491316, yes,362
Fire_316,1,0.9586836383860665,0.9994384014455241, yes,362
Fire_94,1,0.9346828639188137,0.9990965767322402, yes,362
Fire_621,1,0.9263194378312102,0.9990267770887812, yes,362
Fire_434,1,0.9425405783712767,0.9986733171859222, yes,362
Fire_573,1,0.9480454959011179,0.9990147572875826, yes,362
Fire_608,1,0.9485798832974434,0.9992362140552162, yes,362
Fire_120,1,0.9419218209624164,0.9991974430441858, yes,362
Fire_192,1,0.8922935810104454,0.9972341100677198,yes,362
Fire_310,1,0.8936520652681992,0.9981262380871782, yes,362
Fire_156,1,0.9171549098060922,0.9986958084188226, yes,362
Fire_528,1,0.9151974129287773,0.9981269004011699, yes,362
Fire_526,1,0.8608483437928308,0.9970389740557006, yes,362
